Team,CPI,W,L,OW,OL,OOW,OOL,Year
Florida,19.809002919625705,13,1,109,57,1197,889,2006
Louisville,16.581959921984502,12,1,93,60,1095,824,2006
Boise St,15.191153958302959,13,0,83,69,968,932,2006
Ohio State,15.013680174870936,12,1,88,64,1098,830,2006
Southern Cal,13.911792609244799,11,2,97,58,1151,812,2006
Michigan,13.42968562660571,11,2,96,56,1072,857,2006
LSU,12.654398961267042,11,2,92,60,1101,830,2006
West Virginia,11.696196487934762,11,2,88,62,1054,825,2006
Auburn,11.6189005259636,11,2,89,64,1099,840,2006
Rutgers,11.439301926546472,11,2,87,63,1053,823,2006
Wisconsin,10.59411012130539,12,1,74,76,1046,844,2006
California,9.037941914968172,10,3,88,63,1119,795,2006
Oklahoma,8.585706574110434,11,3,93,71,1146,936,2006
Texas,8.51467792664738,10,3,90,63,1038,882,2006
Boston College,8.44372100744979,10,3,90,63,1039,899,2006
Notre Dame,8.231919146738909,10,3,87,66,1084,854,2006
Virginia Tech,7.986263881430322,10,3,87,66,1037,874,2006
Brigham Young,7.935986425135547,11,2,74,75,991,875,2006
Arkansas,7.448790988324165,10,4,97,65,1171,883,2006
Wake Forest,7.840015213859182,11,3,86,75,1159,887,2006
Oregon St,7.04373863196282,10,4,95,67,1155,900,2006
Tennessee,7.210851727639554,9,4,95,59,1113,836,2006
TCU,7.049534232877205,11,2,70,77,936,888,2006
Penn State,6.534100662227722,9,4,91,62,1066,849,2006
Hawai`i,6.365435540069685,11,3,84,81,1038,1012,2006
Georgia,6.2065034828053705,9,4,86,65,1106,812,2006
Texas A&M,5.672872354946035,9,4,86,66,1019,889,2006
Maryland,5.481606938932325,9,4,85,69,1052,888,2006
South Carolina,5.450534171274253,8,5,99,55,1090,836,2006
Kentucky,5.1191350466290055,8,5,95,57,1078,839,2006
Cincinnati,5.0925627768240505,8,5,95,54,1002,862,2006
South Florida,5.204703435878241,9,4,79,69,1019,832,2006
Nebraska,4.890267693274524,9,5,96,68,1112,958,2006
Georgia Tech,4.586897638564041,9,5,92,71,1117,944,2006
Houston,4.444853885306835,10,4,72,76,957,900,2006
Central Michigan,4.3884403599225745,10,4,79,83,1033,1007,2006
Missouri,3.4640962270686075,8,5,81,73,1037,893,2006
Texas Tech,3.5253042498959157,8,5,80,70,1003,883,2006
Navy,3.804264928576147,9,4,69,82,1035,850,2006
Southern Miss,3.452872461726004,9,5,75,75,981,906,2006
Clemson,3.7212550937358237,8,5,82,72,1105,857,2006
Tulsa,3.187795843139338,8,5,80,71,904,951,2006
Utah,3.2377205779105522,8,5,77,71,948,899,2006
Oregon,3.136068755639279,7,6,90,61,1080,830,2006
UCLA,3.0292201966459267,7,6,89,64,1113,828,2006
Ohio U.,3.011621817330486,9,5,79,83,961,1055,2006
Oklahoma St,2.6565652303039036,7,6,87,66,1002,902,2006
Florida St,2.840224857461343,7,6,90,65,1063,907,2006
Arizona,2.5965458663646657,6,6,84,56,1019,747,2006
Kansas St,2.716891336666639,7,6,86,65,1007,870,2006
Purdue,2.491770197782424,8,6,80,81,1105,938,2006
Arizona St,2.696157584367123,7,6,84,67,1067,845,2006
Miami FL,2.558128835572313,7,6,84,68,1021,882,2006
Nevada,2.4377006123091167,8,5,68,82,963,929,2006
Middle Tennessee St,2.1931355481619743,7,6,80,70,925,948,2006
Troy,2.2592162620886818,8,5,66,83,919,941,2006
Pittsburgh,2.158188870004351,6,6,76,60,941,761,2006
Western Michigan,2.198447888558941,8,5,65,85,950,941,2006
Washington St,2.1841078458942635,6,6,77,63,1027,751,2006
Minnesota,2.085613518404614,6,7,95,56,1014,878,2006
Rice,2.0234944754034414,7,6,76,75,967,923,2006
East Carolina,1.9816441356603407,7,6,75,75,954,925,2006
Iowa,1.8795507138371663,6,7,90,63,1063,861,2006
Northern Illinois,1.5483055806075536,7,6,67,83,936,947,2006
Kansas,1.5006501524306959,6,6,66,72,908,822,2006
Alabama,1.5092902154253454,6,7,80,73,1091,852,2006
Wyoming,1.4987401687572726,6,6,66,71,886,829,2006
SMU,1.3853762938661873,6,6,66,71,808,884,2006
Washington,1.3705502268299923,5,7,82,60,1021,776,2006
Indiana,1.2762905097294723,5,7,80,61,969,799,2006
Louisiana-Lafayette,1.0850052503998082,6,6,58,79,817,870,2006
New Mexico,1.2481382723871801,6,7,75,72,892,937,2006
Arkansas St,1.0198413021114991,6,6,56,80,819,883,2006
Virginia,0.9257194617900876,5,7,68,72,965,814,2006
Ball St,0.8480630533168249,5,7,68,70,830,889,2006
Marshall,0.764657246089395,5,7,62,75,880,825,2006
Connecticut,0.7688134917735661,4,8,85,54,962,771,2006
Kent State,0.7394690541829706,6,6,47,89,848,864,2006
Florida Atlantic,0.6969870271549135,5,7,60,77,859,851,2006
Akron,0.7031314047368805,5,7,62,77,854,894,2006
Toledo,0.6957180010680222,5,7,62,74,783,909,2006
Mississippi,0.6381163859464092,4,8,79,62,972,799,2006
Syracuse,0.6793686930283399,4,8,80,60,987,770,2006
UTEP,0.6576492923663282,5,7,59,79,852,861,2006
Vanderbilt,0.6437435563362565,4,8,77,64,1038,743,2006
Baylor,0.5854265290873781,4,8,76,63,920,820,2006
Northwestern,0.571431249446924,4,8,76,65,932,823,2006
Iowa St,0.5466199904049348,4,8,73,67,957,806,2006
Tulane,0.5326107105020631,4,8,74,66,892,841,2006
Air Force,0.535455984858766,4,8,74,65,884,849,2006
Michigan St,0.5251521477389702,4,8,70,69,984,776,2006
Central Florida,0.5207769682755137,4,8,73,67,889,830,2006
Fresno St,0.5056136902353007,4,8,72,68,911,854,2006
Idaho,0.43543911512031586,4,8,67,72,882,861,2006
Louisiana-Monroe,0.38101930584215193,4,8,63,74,828,874,2006
Colorado St,0.3725530244777649,4,8,61,75,845,845,2006
New Mexico St,0.3604432802872484,4,8,61,76,835,866,2006
Mississippi St,0.30282985287138114,3,9,82,58,996,767,2006
North Carolina St,0.305609121556001,3,9,88,58,982,842,2006
Bowling Green,0.30063021662697215,4,8,57,81,825,909,2006
North Carolina,0.28470696469043333,3,9,82,60,977,811,2006
San Diego St,0.2348846455005531,3,9,76,61,827,866,2006
San José St,0.2348846455005531,3,9,76,61,827,866,2006
Army,0.18583783721713565,3,9,66,70,856,839,2006
Alabama-Birmingham,0.17964793725513128,3,9,67,73,876,869,2006
Louisiana Tech,0.16020484790337616,3,10,77,74,950,945,2006
North Texas,0.1385583308622384,3,9,59,78,820,895,2006
Illinois,0.0831288844579858,2,10,82,60,952,816,2006
Colorado,0.06954751996714811,2,10,75,67,958,821,2006
UNLV,0.05561418169971505,2,10,68,70,847,865,2006
Buffalo,0.058825574522824435,2,10,72,68,846,915,2006
Memphis,0.04804500818118403,2,10,63,75,847,854,2006
Miami OH,0.04194387213481804,2,10,60,79,848,896,2006
Stanford,0.011906631987577578,1,11,86,56,1008,789,2006
Utah St,0.009214942822354173,1,11,80,62,892,886,2006
Temple,0.008010194226316745,1,11,74,67,894,885,2006
Eastern Michigan,0.005976179116245578,1,11,66,73,797,943,2006
Duke,0.0,0,12,75,66,955,823,2006
Florida Int'l,0.0,0,12,62,76,827,901,2006
Georgia,12.620128537432745,11,2,90,61,1120,790,2007
LSU,13.877180974846128,12,2,102,63,1200,881,2007
Missouri,11.748104548755686,12,2,85,64,1080,804,2007
Kansas,10.989093857133728,12,1,75,76,1050,804,2007
West Virginia,11.379512110196254,11,2,88,64,1067,837,2007
Ohio State,10.96719061374509,11,2,86,65,1052,833,2007
Virginia Tech,9.686797560905337,11,3,92,59,1027,882,2007
Brigham Young,9.86896314709937,11,2,77,62,912,806,2007
Boston College,8.768469146897912,11,3,87,65,1060,861,2007
Southern Cal,8.589474547744812,11,2,75,75,1073,819,2007
Hawai`i,7.5994759572849,12,1,64,84,944,883,2007
Oklahoma,8.13243683773134,11,3,84,68,1048,861,2007
Florida,7.987912822160973,9,4,99,54,1112,822,2007
Tennessee,7.764590815993194,10,4,101,64,1189,902,2007
Cincinnati,6.899309457993849,10,3,79,70,1004,858,2007
Arizona St,7.422529128098053,10,3,82,69,1049,848,2007
Texas,7.448401466438772,10,3,83,69,1040,855,2007
Auburn,6.742943409740142,9,4,90,62,1110,805,2007
South Florida,7.069923404521446,9,4,94,57,1032,845,2007
Michigan,7.005504293600811,9,4,94,60,1088,832,2007
Illinois,6.595094466254688,9,4,92,59,1005,872,2007
Oregon,6.540100800550993,9,4,92,61,1045,872,2007
Oregon St,5.80466761966828,9,4,85,66,1039,843,2007
Clemson,6.138936444212748,9,4,88,65,1057,833,2007
Kentucky,5.315092210109867,8,5,97,56,1094,834,2007
Wisconsin,5.3047368073015795,9,4,81,69,1034,852,2007
Penn State,5.24745555672477,9,4,82,69,1013,876,2007
Connecticut,4.969210205970465,9,4,78,70,998,853,2007
Boise St,4.990457154175687,10,3,70,79,920,932,2007
Wake Forest,4.903891518431106,9,4,78,73,1059,853,2007
Texas Tech,4.582038416768092,9,4,76,75,1021,852,2007
Virginia,4.765931871814017,9,4,77,73,1028,858,2007
Mississippi St,4.574962384666841,8,5,90,63,1091,832,2007
Utah,4.715408615053585,9,4,78,72,977,882,2007
Air Force,4.473124726270895,9,4,75,73,968,876,2007
Central Florida,4.472488461268807,10,4,73,77,984,915,2007
Arkansas,4.002033123065868,8,5,83,69,1096,807,2007
Fresno St,3.980397074765479,9,4,72,77,954,903,2007
New Mexico,3.7495964401752624,9,4,69,79,954,881,2007
Rutgers,3.9680279678944594,8,5,84,65,997,864,2007
Tulsa,3.922236519286056,10,4,70,79,907,953,2007
Troy,3.782320427573455,8,4,68,69,885,823,2007
Purdue,3.6512052961630665,8,5,75,63,915,810,2007
Texas A&M,3.4531752306948027,7,6,98,54,1003,882,2007
Oklahoma St,3.4700882523189565,7,6,97,54,1011,866,2007
East Carolina,3.3142135555281387,8,5,81,71,948,945,2007
Alabama,2.924984389683384,7,6,88,65,1097,840,2007
TCU,2.8870665735479277,8,5,73,76,961,901,2007
South Carolina,2.8436538607638435,6,6,88,53,1039,740,2007
Michigan St,2.7877474235000066,7,6,88,64,1009,885,2007
California,2.6452726031737144,7,6,84,68,1058,849,2007
Florida St,2.5927747813744646,7,6,83,71,1108,830,2007
Georgia Tech,2.3974881930932477,7,6,80,71,1028,851,2007
Navy,2.490315670968883,8,5,68,83,998,896,2007
Florida Atlantic,2.474571614901498,8,5,66,82,991,865,2007
Louisville,2.1725534916851594,6,6,77,61,963,762,2007
Bowling Green,2.3632616471084518,8,5,68,81,891,939,2007
Indiana,1.9770178293391343,7,6,72,77,1006,849,2007
Central Michigan,2.2166544919557785,8,6,72,74,891,933,2007
Houston,1.7545269701683273,8,5,57,91,939,911,2007
Maryland,1.8954017394489775,6,7,90,62,1047,857,2007
Ball St,1.828886992499715,7,6,73,77,917,937,2007
UCLA,1.8049473137323988,6,7,80,59,976,785,2007
Southern Miss,1.722670094424884,7,6,71,79,919,947,2007
Colorado,1.6960956714656688,6,7,86,67,1044,868,2007
Northwestern,1.5468449476604746,6,6,66,72,930,789,2007
Nebraska,1.5123593812542047,5,7,88,55,986,800,2007
Vanderbilt,1.4985707882221095,5,7,86,57,1031,769,2007
Louisiana-Monroe,1.4906884070414137,6,6,67,71,854,834,2007
Arizona,1.4125312560107715,5,7,84,56,940,793,2007
North Carolina St,1.4203731594199482,5,7,86,57,962,810,2007
Pittsburgh,1.3956281382773275,5,7,84,56,925,801,2007
Iowa,1.3703948567830668,6,6,62,76,938,789,2007
Kansas St,1.3335056758832589,5,7,80,59,965,769,2007
Memphis,1.2314035197810809,7,6,59,88,897,935,2007
Ohio U.,1.081446673628237,6,6,57,78,809,858,2007
Wyoming,1.0670420498133868,5,7,75,64,874,851,2007
Washington St,1.060863592442111,5,7,72,68,972,781,2007
Nevada,1.0617420662878128,6,7,69,78,896,932,2007
Miami FL,0.9800225185271771,5,7,70,72,984,781,2007
Louisiana Tech,0.928448670528701,5,7,70,69,873,852,2007
Toledo,0.8856087375039472,5,7,69,68,806,864,2007
Western Michigan,0.8848713364821422,5,7,69,69,823,859,2007
Miami OH,0.8584844108657946,6,7,62,87,936,920,2007
Middle Tennessee St,0.8462404071616093,5,7,67,70,832,869,2007
San José St,0.8295399125771112,5,7,66,71,839,859,2007
Arkansas St,0.6911454086940226,5,7,61,77,844,882,2007
Buffalo,0.6384292212886722,5,7,58,79,844,870,2007
San Diego St,0.5846812169357714,4,8,76,62,889,819,2007
North Carolina,0.6090563642977098,4,8,76,64,981,777,2007
Washington,0.5750674847712604,4,9,92,60,1026,878,2007
Stanford,0.5689170754623228,4,8,74,66,966,791,2007
UTEP,0.3698322559247262,4,8,65,76,811,915,2007
Akron,0.41248444501660214,4,8,67,72,824,895,2007
Eastern Michigan,0.3883022766987452,4,8,62,74,848,833,2007
Tulane,0.35087951371170817,4,8,61,78,852,880,2007
Mississippi,0.3369937136945969,3,9,88,54,994,776,2007
New Mexico St,0.320281835472965,4,9,70,77,881,936,2007
Temple,0.3365664828715604,4,8,60,77,813,903,2007
Iowa St,0.31655697662573373,3,9,87,54,927,815,2007
Baylor,0.2593800242926383,3,9,78,62,930,809,2007
Notre Dame,0.27066357514877587,3,9,81,62,954,813,2007
Colorado St,0.2402038756756437,3,9,76,63,885,836,2007
Marshall,0.23738465121716218,3,9,79,63,859,891,2007
Army,0.22482240209291876,3,9,76,66,871,863,2007
Louisiana-Lafayette,0.19394270626642823,3,9,69,68,825,861,2007
Kent St,0.17586153869235155,3,9,66,72,837,864,2007
Rice,0.15455253568011545,3,9,63,75,813,900,2007
Syracuse,0.07783472568046602,2,10,78,62,950,804,2007
UNLV,0.07119356388088377,2,10,77,63,882,853,2007
Alabama-Birmingham,0.05788363159897839,2,10,71,70,857,881,2007
Utah St,0.05590446963098964,2,10,69,71,862,872,2007
Northern Illinois,0.04470609035547719,2,10,62,77,829,879,2007
North Texas,0.04456666680981004,2,10,61,76,824,873,2007
Minnesota,0.011000698316084995,1,11,86,54,871,858,2007
Duke,0.008890395764673561,1,11,76,65,937,835,2007
Florida Int'l,0.0067076086413313035,1,11,66,71,859,861,2007
Idaho,0.006581977984869174,1,11,67,70,807,890,2007
SMU,0.005766777302883455,1,11,66,75,790,947,2007
Florida,19.409963559776127,13,1,108,60,1253,883,2008
Texas,18.946208112380297,12,1,99,54,1115,823,2008
Utah,18.527810098695284,13,0,88,64,1037,839,2008
Oklahoma,15.057048211460739,12,2,106,60,1232,869,2008
Alabama,12.14785649283442,12,2,94,68,1186,884,2008
Southern Cal,13.289012678521372,12,1,84,67,1045,869,2008
Texas Tech,13.050530093994661,11,2,91,59,1115,790,2008
Boise State,10.339213544842217,12,1,77,74,960,939,2008
TCU,10.78561799751577,11,2,85,65,1034,831,2008
Penn State,10.550588127322943,11,2,83,66,1054,824,2008
Georgia,10.566232586642633,10,3,98,55,1096,841,2008
Ohio State,9.213723556556912,10,3,92,59,1029,858,2008
Cincinnati,8.965507914994545,11,3,95,70,1167,926,2008
Virginia Tech,7.603228425417477,10,4,93,61,1127,843,2008
Florida St,6.321881346383182,9,4,89,67,1135,804,2008
Missouri,6.923611229981503,10,4,95,69,1172,898,2008
Ball St,6.050702467936028,12,2,72,90,985,1040,2008
Oregon,6.85449253982677,10,3,79,71,1031,868,2008
Mississippi,6.8121378161082395,9,4,92,60,1067,837,2008
Georgia Tech,6.8410683519501285,9,4,90,61,1105,799,2008
Pittsburgh,6.733354841446737,9,4,95,60,1055,898,2008
Brigham Young,6.636446901920477,10,3,78,73,1024,850,2008
Oklahoma St,6.1612157208961005,9,4,88,64,1052,847,2008
Oregon State,6.387704192484106,9,4,91,62,1053,882,2008
West Virginia,6.385230641176652,9,4,89,64,1101,835,2008
Nebraska,6.168463632778837,9,4,88,65,1084,845,2008
Michigan St,6.054822628465522,9,4,88,64,1042,872,2008
Tulsa,5.675941248864886,11,3,76,84,1044,969,2008
Rice,5.540530914254322,10,3,73,78,988,909,2008
Iowa,5.403710094793434,9,4,82,69,1052,853,2008
California,5.285673790038579,9,4,82,70,1052,870,2008
Kansas,4.8857493923008155,8,5,93,58,1049,849,2008
Boston College,4.561034940291908,9,5,85,68,1078,860,2008
Northwestern,4.857100457884565,9,4,76,73,1060,824,2008
North Carolina,4.775925878265252,8,5,92,62,1114,826,2008
LSU,4.694606093207493,8,5,91,63,1125,825,2008
Western Michigan,3.902439118898121,9,4,74,77,927,966,2008
Maryland,4.024473140203128,8,5,85,69,1098,839,2008
Wake Forest,4.158162996740908,8,5,78,63,1053,753,2008
Rutgers,4.038752292655383,8,5,86,67,1057,870,2008
Connecticut,3.868660112915148,8,5,82,70,1110,836,2008
South Florida,3.9906134920018586,8,5,85,67,1053,870,2008
Air Force,3.7327178185948195,8,5,74,62,917,778,2008
East Carolina,3.6346899185324855,9,5,83,81,1103,962,2008
Clemson,3.3038884593377746,7,6,94,61,1118,825,2008
South Carolina,3.3468500584344243,7,6,93,60,1132,819,2008
Navy,3.02690325335002,8,5,69,70,924,829,2008
Houston,3.23497132277449,8,5,71,67,913,828,2008
Miami FL,3.100920587832421,7,6,90,63,1109,823,2008
Kentucky,2.6039708884080937,7,6,83,69,1074,846,2008
Central Michigan,2.7881030587665525,8,5,74,77,942,949,2008
Troy,2.3400680862722525,8,5,67,81,903,940,2008
Vanderbilt,2.8733585281233798,7,6,87,66,1098,831,2008
Colorado St,2.733506940034911,7,6,86,64,987,866,2008
Arizona,2.724502727947649,8,5,70,79,999,887,2008
Wisconsin,2.70292201309694,7,6,84,65,1029,860,2008
Nevada,2.5979268426132327,7,6,87,66,984,928,2008
Buffalo,2.496080736821477,8,6,84,78,1019,1029,2008
Louisiana Tech,2.4593882184414726,8,5,68,82,969,918,2008
Minnesota,2.2677871331643913,7,6,78,72,1011,871,2008
Notre Dame,2.030268518097967,7,6,73,79,1078,834,2008
Hawai`i,2.01971941880527,7,7,93,74,1091,1003,2008
North Carolina St,1.970158397545794,6,7,92,63,1116,846,2008
Florida Atlantic,1.746113181813366,7,6,71,77,901,953,2008
Southern Miss,1.9182600584858718,7,6,74,75,938,945,2008
Fresno St,1.7899456053385572,7,6,71,80,991,920,2008
Virginia,1.7600069575121557,5,7,96,52,1075,784,2008
Arkansas,1.6688914585496133,5,7,91,51,1005,784,2008
Colorado,1.4456970593110514,5,7,83,57,1007,764,2008
San José St,1.3749539731010672,6,6,64,75,908,842,2008
Illinois,1.29556437931111,5,7,82,59,932,828,2008
Auburn,1.3589918588608916,5,7,81,59,990,774,2008
Arkansas St,1.2243290226909895,6,6,63,75,798,900,2008
Bowling Green,1.2113368828383846,6,6,61,77,861,875,2008
Louisville,1.099486399285255,5,7,75,66,953,821,2008
Tennessee,1.1772393197503552,5,7,76,65,1001,786,2008
Northern Illinois,0.9583872222452103,6,7,68,82,887,983,2008
Stanford,1.1238189987836085,5,7,76,64,931,835,2008
Kansas St,1.09637903576403,5,7,73,66,960,787,2008
Arizona St,1.087717672953088,5,7,73,65,935,805,2008
Louisiana-Lafayette,1.0238702619467042,6,6,56,79,804,885,2008
Memphis,1.0194484061605513,6,7,65,81,972,886,2008
UTEP,0.9977207838419622,5,7,74,68,903,875,2008
UNLV,0.9945419704693083,5,7,69,69,947,775,2008
Temple,0.8046472825343062,5,7,66,73,857,880,2008
Duke,0.796264609495084,4,8,88,57,1053,751,2008
Baylor,0.7619151150521518,4,8,86,57,1013,768,2008
Florida Int'l,0.675101203781207,5,7,60,77,833,879,2008
Akron,0.7179533865199723,5,7,62,77,873,877,2008
Purdue,0.631519381681627,4,8,79,61,943,818,2008
Middle Tennessee St,0.5977978067258317,5,7,56,80,832,875,2008
Mississippi St,0.6188166266380146,4,8,77,63,971,787,2008
Marshall,0.6025107335264293,4,8,81,62,902,877,2008
New Mexico,0.6019820370544531,4,8,78,62,909,827,2008
Texas A&M,0.5731499943893448,4,8,72,66,996,756,2008
Wyoming,0.5616635631177361,4,8,73,63,889,800,2008
UCLA,0.5478191276510603,4,8,74,66,936,832,2008
Central Florida,0.5020685380684126,4,8,73,70,928,856,2008
Ohio U.,0.42451786626212923,4,8,66,71,846,867,2008
Alabama-Birmingham,0.41224177565461056,4,8,65,75,900,843,2008
Kent St,0.3545570994421363,4,8,62,76,811,899,2008
Syracuse,0.2881766882731518,3,9,83,59,969,826,2008
Louisiana-Monroe,0.3175125743026977,4,8,56,79,837,843,2008
Indiana,0.2574828983871268,3,9,79,62,926,838,2008
Michigan,0.26230281653477716,3,9,78,62,954,810,2008
Utah St,0.2605736092128852,3,9,81,60,900,881,2008
Eastern Michigan,0.16467828113627664,3,9,65,74,842,905,2008
Army,0.19474899019042122,3,9,70,70,864,869,2008
New Mexico St,0.16469173463281128,3,9,63,76,901,855,2008
Toledo,0.1605711031031866,3,9,65,74,821,926,2008
San Diego St,0.07266221188171344,2,10,75,62,895,814,2008
Iowa St,0.063404057859703,2,10,69,69,951,785,2008
Tulane,0.0585880412543321,2,10,71,71,898,876,2008
Idaho,0.047620738636363624,2,10,63,77,894,866,2008
Washington St,0.04956306684764769,2,11,75,75,1035,866,2008
Miami OH,0.050563654033041784,2,10,66,74,860,890,2008
SMU,0.009289030391504973,1,11,80,62,884,864,2008
North Texas,0.006264846316735138,1,11,66,72,815,907,2008
Washington,0.0,0,12,81,61,961,831,2008
Alabama,24.681688816619783,14,0,107,58,1229,865,2009
Florida,18.51486090299109,13,1,103,61,1220,861,2009
Cincinnati,14.71368258571872,12,1,86,65,1090,800,2009
Texas,16.18331903502398,13,1,100,65,1149,939,2009
TCU,14.758584708830982,12,1,89,62,1016,865,2009
Boise St,14.46082921027991,14,0,84,77,1080,953,2009
Iowa,13.197813084324256,11,2,96,56,1024,851,2009
Ohio State,11.690690958012775,11,2,90,62,1048,856,2009
Penn State,10.813415321082958,11,2,85,65,1040,831,2009
Georgia Tech,9.791372193824333,11,3,87,62,1122,773,2009
Virginia Tech,9.686132141497266,10,3,95,61,1127,837,2009
Pittsburgh,9.305749391128261,10,3,91,59,1041,833,2009
Oregon,9.538685833908968,10,3,95,58,1048,880,2009
Brigham Young,9.12006494824437,11,2,78,72,1055,840,2009
Wisconsin,8.066770772646196,10,3,86,65,1031,856,2009
Miami FL,7.5021780257468045,9,4,96,57,1090,808,2009
Central Michigan,6.977638848897846,12,2,75,84,991,999,2009
West Virginia,7.106409835160623,9,4,93,59,1091,816,2009
LSU,7.074677033045569,9,4,92,60,1125,808,2009
Utah,6.5209457891961655,10,3,76,73,1038,847,2009
Nebraska,6.40674829149239,10,4,92,70,1118,933,2009
Oklahoma St,6.278399710475732,9,4,90,63,1051,871,2009
Mississippi,6.02071684483075,9,4,83,66,1104,784,2009
Rutgers,4.95503524301174,9,4,77,70,990,829,2009
Southern Cal,5.416918128060061,9,4,82,69,1059,854,2009
Arkansas,5.384685475773998,8,5,98,57,1130,825,2009
Texas Tech,5.318369210445047,9,4,82,70,1053,859,2009
Navy,5.317460317460318,10,4,84,76,1072,953,2009
Oklahoma,4.588193983847686,8,5,91,61,1053,864,2009
North Carolina,4.629313982599823,8,5,89,62,1075,805,2009
Clemson,4.868572540985508,9,5,86,64,1052,835,2009
Connecticut,4.295160449292326,8,5,86,65,1079,820,2009
Arizona,4.717777454617405,8,5,93,60,1052,868,2009
Auburn,4.769971697938044,8,5,91,61,1101,827,2009
Georgia,4.767404734479723,8,5,92,62,1108,825,2009
Houston,4.218052997436561,10,4,75,86,1087,951,2009
East Carolina,4.742662887302369,9,5,95,71,1143,954,2009
Oregon St,4.090837366785336,8,5,85,65,1031,855,2009
South Florida,4.0326072807721225,8,5,83,66,1035,821,2009
Troy,4.343956129732033,9,4,77,73,934,946,2009
Missouri,4.069546836396998,8,5,86,66,1043,869,2009
Air Force,3.5858022352927303,8,5,82,69,983,901,2009
Temple,3.830798137308042,9,4,73,79,938,936,2009
Boston College,3.578615004290201,8,5,79,71,1043,841,2009
Florida St,3.7340440150299963,7,6,100,54,1080,824,2009
California,3.7117440020269483,8,5,81,70,1050,847,2009
Fresno St,3.644773641804052,8,5,82,69,1005,890,2009
South Carolina,3.6286177063889493,7,6,99,56,1103,833,2009
Central Florida,3.5339517857941822,8,5,81,71,1021,891,2009
Middle Tennessee St,3.4703655987426614,10,3,57,90,929,903,2009
Stanford,3.3490844102600206,8,5,76,74,1067,839,2009
SMU,3.36255967778664,8,5,81,72,991,934,2009
Tennessee,2.946096363381518,7,6,90,66,1122,857,2009
Nevada,2.949295121392655,8,5,74,77,1007,904,2009
Ohio U.,2.851883148052376,9,5,74,87,1031,998,2009
Northwestern,2.660371054872167,8,5,66,82,1070,794,2009
Kentucky,2.708402875986492,7,6,83,69,1113,800,2009
Wyoming,2.6181184711730126,7,6,84,66,1008,877,2009
Idaho,2.5907223502513768,8,5,70,81,987,921,2009
Marshall,2.562512089422425,7,6,86,68,1020,918,2009
UCLA,2.4574514950880717,7,6,81,70,1047,867,2009
Iowa St,2.1288095401470524,7,6,75,74,1008,865,2009
Bowling Green,2.2352311737700954,7,6,82,71,959,965,2009
Minnesota,2.049436573471638,6,7,93,59,1058,842,2009
Notre Dame,2.0251108140922947,6,6,77,64,961,808,2009
Mississippi St,1.8267944733402277,5,7,97,47,994,792,2009
Kansas St,1.9165453061955902,6,6,74,64,915,801,2009
Michigan St,1.9156561085972852,6,7,91,59,990,880,2009
Southern Miss,1.7530087848850973,7,6,68,79,976,884,2009
Northern Illinois,1.3700312030770152,7,6,63,86,913,947,2009
Texas A&M,1.4712124181007125,6,7,78,73,1079,845,2009
Louisiana-Lafayette,1.3643104300543747,6,6,64,72,828,852,2009
Louisiana-Monroe,1.317304155019764,6,6,63,73,828,858,2009
Hawai`i,1.243989023834971,6,7,75,77,989,914,2009
Wake Forest,1.2682473643406817,5,7,80,62,965,782,2009
Washington,1.2468481945646228,5,7,79,62,979,804,2009
Kansas,1.1358811323882305,5,7,76,64,933,818,2009
North Carolina St,1.131416061376116,5,7,73,65,953,752,2009
UNLV,1.1415815945007537,5,7,76,63,918,821,2009
Purdue,1.1062244590286896,5,7,74,65,941,803,2009
Duke,1.0689731105898959,5,7,71,66,937,766,2009
Michigan,1.0239241627420732,5,7,69,66,913,772,2009
Buffalo,0.9378738016780822,5,7,72,67,835,893,2009
Alabama-Birmingham,0.8933755093413746,5,7,69,72,919,863,2009
Tulsa,0.8216798742832366,5,7,66,74,898,859,2009
Syracuse,0.7593522245799438,4,8,85,55,970,774,2009
Louisville,0.6722987642440529,4,8,81,59,943,796,2009
Baylor,0.6437826003486244,4,8,80,62,977,807,2009
Florida Atlantic,0.7317548927242423,5,7,62,76,866,862,2009
Toledo,0.6407366433941807,5,7,58,80,873,868,2009
Arizona St,0.533905737886832,4,8,71,68,968,784,2009
Kent St,0.5969173394985177,5,7,56,81,846,867,2009
Louisiana Tech,0.5436335572968696,4,8,75,67,935,842,2009
Utah St,0.5601166411226746,4,8,77,64,892,867,2009
Indiana,0.550821035127832,4,8,72,64,901,797,2009
Army,0.5280978679799413,5,7,52,85,865,842,2009
San Diego St,0.520693129672664,4,8,72,67,907,824,2009
San José St,0.520693129672664,4,8,72,67,907,824,2009
Western Michigan,0.48816664017470235,5,7,50,85,826,853,2009
Arkansas St,0.3683471376892458,4,8,61,75,832,851,2009
UTEP,0.3606961247426469,4,8,60,79,922,842,2009
Virginia,0.3219293520588838,3,9,87,57,994,767,2009
Illinois,0.2902775002047413,3,9,81,58,947,784,2009
Colorado,0.26518941583708955,3,9,79,63,981,808,2009
Colorado St,0.23918602828944024,3,9,75,64,917,827,2009
Tulane,0.22917951388080884,3,9,76,64,873,881,2009
Florida Int'l,0.21848489483994307,3,9,74,65,855,878,2009
Akron,0.194225368007185,3,9,70,69,845,879,2009
New Mexico St,0.15361820664988507,3,10,73,75,950,899,2009
Vanderbilt,0.07426832862617554,2,10,75,66,1003,766,2009
Maryland,0.07391394844208177,2,10,75,64,952,784,2009
Memphis,0.0666420057830697,2,10,76,65,874,890,2009
Rice,0.0618289315709072,2,10,72,70,934,864,2009
Ball St,0.05106685815680931,2,10,69,72,801,938,2009
North Texas,0.04606082884866452,2,10,63,75,823,901,2009
Washington St,0.009192990648336227,1,11,76,65,976,809,2009
Miami OH,0.009203387897833029,1,11,82,60,847,929,2009
New Mexico,0.008101193860147807,1,11,72,68,931,828,2009
Western Kentucky,0.0,0,12,63,75,834,877,2009
Eastern Michigan,0.0,0,12,62,76,799,926,2009
Auburn,23.86780983482786,14,0,98,53,1084,829,2010
TCU,14.944350584507326,13,0,79,72,1039,864,2010
LSU,14.730859609614258,11,2,98,54,1119,794,2010
Oklahoma,14.30203474378624,12,2,103,62,1221,874,2010
Stanford,13.946308906421848,12,1,83,66,1060,795,2010
Ohio State,13.343046708066794,12,1,83,68,1073,838,2010
Oregon,12.229621763700727,12,1,78,71,1044,796,2010
Boise St,12.802241937566109,12,1,85,69,1044,910,2010
Nevada,11.384387560083765,13,1,84,82,1170,937,2010
Arkansas,10.82973394387262,10,3,99,54,1082,822,2010
Michigan St,10.398112353103581,11,2,83,67,1055,827,2010
Oklahoma St,11.165517817778472,11,2,89,65,1065,865,2010
Alabama,10.503506990935282,10,3,96,58,1136,777,2010
Wisconsin,9.39930189664399,11,2,79,71,1051,828,2010
Missouri,10.002182977137018,10,3,96,58,1088,836,2010
Virginia Tech,8.863413352507266,11,3,93,70,1167,912,2010
Texas A&M,8.739280351649318,9,4,104,50,1114,815,2010
Florida St,7.468742095013926,10,4,100,67,1210,907,2010
Utah,6.765257973599638,10,3,78,74,1095,845,2010
Nebraska,6.41342882602112,10,4,83,66,1077,822,2010
North Carolina St,5.899630302266158,9,4,88,67,1085,882,2010
Mississippi St,6.298389425222761,9,4,87,64,1087,814,2010
Tulsa,5.935285150006047,10,3,76,75,977,921,2010
West Virginia,5.672162448740852,9,4,85,67,1049,870,2010
South Carolina,5.470876145060979,9,5,94,60,1080,874,2010
Notre Dame,5.439981327341831,8,5,101,53,1055,889,2010
Air Force,5.233380626825087,9,4,83,69,1014,903,2010
Maryland,5.078432310047582,9,4,80,72,1068,865,2010
Hawai`i,4.903719328216841,10,4,82,81,1099,968,2010
Florida,5.010689388719319,8,5,98,59,1086,882,2010
Navy,4.73488754887342,9,4,79,75,1046,883,2010
Central Florida,4.617125444683834,11,3,69,91,1039,991,2010
Iowa,4.232654033412567,8,5,86,64,1036,839,2010
Northern Illinois,4.429241913423957,11,3,67,91,1008,977,2010
San Diego St,4.316854407166606,9,4,73,76,1026,867,2010
Pittsburgh,4.253247575012736,8,5,89,65,1059,879,2010
Texas Tech,4.195502439545205,8,5,85,66,1088,827,2010
North Carolina,4.134415887811628,8,5,86,68,1115,845,2010
Connecticut,3.822645894812629,8,5,83,68,1025,863,2010
Southern Cal,3.7682309018225264,8,5,80,70,1067,810,2010
Fresno St,3.55899590644435,8,5,81,71,1032,887,2010
Temple,3.543514394940174,8,4,69,73,895,872,2010
Miami OH,3.448941720073491,10,4,69,91,1032,996,2010
Michigan,3.2478886059804224,7,6,92,59,1062,833,2010
Miami FL,3.2680850580652567,7,6,95,59,1071,876,2010
Syracuse,3.2556837602662028,8,5,76,73,995,858,2010
Penn State,2.988049592504556,7,6,88,62,1051,839,2010
South Florida,3.2206298933401794,8,5,76,74,1018,873,2010
Illinois,3.0656098176737263,7,6,91,61,1042,860,2010
Arizona,2.80128838840278,7,6,85,64,1020,830,2010
Boston College,2.9040233152032373,7,6,89,64,1067,874,2010
Washington,2.8753520282554867,7,6,80,59,968,773,2010
Baylor,2.8591645497619673,7,6,86,64,1058,841,2010
Southern Miss,2.7993216488028763,8,5,72,77,963,909,2010
Ohio U.,2.5386942906640564,8,5,71,78,889,964,2010
Toledo,2.4921312539982265,8,5,69,80,931,936,2010
Kansas St,2.4543373020881196,7,6,81,69,1013,866,2010
Brigham Young,2.470617263516671,7,6,84,70,1034,910,2010
Arizona St,2.116227494327614,6,6,75,61,933,743,2010
Northwestern,2.0782627581380253,7,6,73,75,1021,845,2010
Louisville,1.9946491477421926,7,6,73,76,998,877,2010
Troy,1.947842180535306,8,5,63,86,871,992,2010
Clemson,1.731090050031706,6,7,88,67,1057,878,2010
Army,1.7034163833563338,7,6,69,80,956,923,2010
SMU,1.771870629186184,7,7,87,76,1026,1036,2010
Georgia,1.5378904631411512,6,7,83,71,1035,887,2010
East Carolina,1.658611558798516,6,7,89,66,1007,961,2010
Oregon St,1.5652213813194629,5,7,88,52,954,788,2010
Iowa St,1.5470900524266795,5,7,89,54,985,799,2010
Tennessee,1.5159104926081677,6,7,80,71,1047,859,2010
Florida Int'l,1.5059448372210609,7,6,67,82,894,980,2010
Georgia Tech,1.350580114996174,6,7,77,75,1031,895,2010
Louisiana Tech,1.3427774215287818,5,7,84,58,949,840,2010
California,1.3327261058099649,5,7,80,58,938,773,2010
Kentucky,1.2087559988083085,6,7,72,80,1040,858,2010
Colorado,1.2575437392188515,5,7,79,64,1027,776,2010
Idaho,1.1849064590305662,6,7,72,80,1027,885,2010
Texas,1.2108136913022176,5,7,77,64,994,777,2010
Western Michigan,1.1632354790209616,6,6,59,78,856,850,2010
Indiana,0.8337489472794071,5,7,64,74,926,802,2010
Louisiana-Monroe,0.8230631525777616,5,7,67,71,823,882,2010
Marshall,0.8981559159830973,5,7,71,71,888,900,2010
Houston,0.8689969730720748,5,7,69,71,862,881,2010
Kent St,0.8276947798352141,5,7,67,71,832,882,2010
UTEP,0.7825323197525504,6,7,58,89,952,910,2010
Cincinnati,0.7613540912273429,4,8,89,54,951,841,2010
Mississippi,0.722632046501966,4,8,84,57,967,792,2010
Purdue,0.7000961705797246,4,8,83,57,939,807,2010
Utah St,0.5850947122065383,4,8,78,65,960,848,2010
UCLA,0.5775126746610746,4,8,73,65,959,762,2010
Middle Tennessee St,0.5527653499719285,6,7,51,96,859,980,2010
Rutgers,0.5656647235251279,4,8,76,64,908,844,2010
Virginia,0.532857953164249,4,8,72,68,959,804,2010
Tulane,0.39655419957815297,4,8,65,74,850,886,2010
Rice,0.41012217608965995,4,8,67,74,870,904,2010
Alabama-Birmingham,0.40280870153308423,4,8,67,75,873,914,2010
Arkansas St,0.37142077567382914,4,8,65,74,792,935,2010
Ball St,0.34437586343057847,4,8,59,76,812,856,2010
Minnesota,0.30755655980652524,3,9,87,55,925,839,2010
Florida Atlantic,0.30412271522365225,4,8,58,79,788,932,2010
Wake Forest,0.24762461457474103,3,9,77,65,968,828,2010
Kansas,0.27486944931916074,3,9,80,63,1005,783,2010
Duke,0.26103225023154286,3,9,78,63,975,811,2010
Colorado St,0.24790000965372586,3,9,79,64,943,871,2010
Wyoming,0.2451188834169927,3,9,76,63,922,835,2010
Central Michigan,0.21285833360242828,3,9,75,65,825,913,2010
Louisiana-Lafayette,0.13357883072394483,3,9,59,79,811,923,2010
North Texas,0.10974198399255651,3,9,54,84,794,937,2010
Washington St,0.09019235099736582,2,10,83,57,960,772,2010
UNLV,0.06854746381614626,2,11,93,62,1027,937,2010
Vanderbilt,0.06317739568039753,2,10,70,72,1008,787,2010
Bowling Green,0.05695962905468171,2,10,70,69,848,900,2010
New Mexico St,0.05540912374978412,2,10,68,74,941,862,2010
Buffalo,0.050946821036106746,2,10,67,73,837,905,2010
Eastern Michigan,0.05028979051938235,2,10,67,73,830,920,2010
Western Kentucky,0.03768954268001023,2,10,59,80,779,945,2010
San José St,0.008587752904514934,1,12,91,60,986,912,2010
New Mexico,0.008121117291924483,1,11,73,68,934,850,2010
Memphis,0.007188809608741946,1,11,72,70,862,922,2010
Akron,0.0060533613959751756,1,11,66,72,782,928,2010
LSU,20.783809597130826,13,1,100,51,1137,784,2011
Oklahoma St,18.551220044201386,12,1,97,56,1139,802,2011
Alabama,18.388850666189533,12,1,88,53,1069,712,2011
South Carolina,12.501705440301702,11,2,90,62,1126,787,2011
Arkansas,11.578944478799455,11,2,85,66,1143,752,2011
Boise St,12.265954369362131,12,1,83,71,1041,898,2011
Houston,11.420863535280626,13,1,84,79,1107,954,2011
Michigan,11.934536729399547,11,2,94,62,1058,892,2011
Oregon,10.803258873142864,12,2,92,73,1145,930,2011
Kansas St,10.36274403408282,10,3,94,57,1118,785,2011
TCU,10.428712651769485,11,2,86,64,984,895,2011
Baylor,10.316157413813375,10,3,93,58,1146,772,2011
Oklahoma,10.26885345377705,10,3,95,58,1137,806,2011
Stanford,9.667409405228563,11,2,82,70,1067,879,2011
Southern Cal,9.562203977574793,10,2,78,65,1013,811,2011
Virginia Tech,9.309013884283605,11,3,90,61,1034,880,2011
West Virginia,8.901233528460638,10,3,90,62,1047,830,2011
Southern Miss,8.260366927986041,12,2,81,79,1040,992,2011
Wisconsin,8.281890427937858,11,3,84,68,1079,851,2011
Georgia,7.857820438702613,10,4,102,63,1164,899,2011
Michigan St,7.4358506014788635,11,3,79,72,1077,846,2011
Clemson,7.209000514836224,10,4,91,61,1058,859,2011
Nebraska,6.975590011325716,9,4,95,60,1084,853,2011
Penn State,6.901186176082459,9,4,96,58,1026,891,2011
Northern Illinois,6.916187957962198,11,3,83,77,1056,937,2011
Cincinnati,5.630502152452242,10,3,71,77,996,857,2011
Arkansas St,5.697140831808237,10,3,76,75,921,943,2011
Auburn,5.5732625082072795,8,5,100,55,1102,816,2011
Toledo,5.514919792739274,9,4,85,65,971,905,2011
Brigham Young,4.873068358803395,10,3,68,81,971,918,2011
Rutgers,4.693802347141657,9,4,77,73,1006,868,2011
Texas,4.852727576440429,8,5,92,62,1143,816,2011
Florida St,4.231423613844705,9,4,72,78,1040,839,2011
Missouri,4.288004685867395,8,5,84,67,1141,778,2011
Tulsa,4.358393758515597,8,5,91,61,1006,922,2011
Notre Dame,4.2979877076053485,8,5,89,63,1028,883,2011
Ohio U.,3.915187151093622,10,4,74,86,1008,999,2011
Louisiana-Lafayette,3.4590512440839896,9,4,66,80,932,895,2011
North Carolina St,3.6949828781400997,8,5,82,67,969,882,2011
Wyoming,3.4906784401303925,8,5,80,69,968,895,2011
Louisiana Tech,3.5011309265685866,8,5,84,71,998,953,2011
SMU,3.4581985817132748,8,5,80,71,1005,896,2011
Temple,3.2220813240617603,9,4,63,84,977,871,2011
Virginia,3.311226447562602,8,5,77,74,1036,860,2011
Georgia Tech,3.013998212996239,8,5,73,79,1062,832,2011
Utah,3.303838646327232,8,5,79,74,1030,907,2011
Texas A&M,3.2775946106561658,7,6,92,61,1127,814,2011
Mississippi St,3.0687169887244905,7,6,90,62,1063,833,2011
San Diego St,3.1561772866354953,8,5,76,73,975,898,2011
Florida,3.05374368422977,7,6,89,63,1084,816,2011
North Carolina,2.914612328585589,7,6,91,64,1041,881,2011
Marshall,2.829552179119977,7,6,92,63,997,941,2011
Washington,2.765318596893498,7,6,87,64,1025,896,2011
Louisville,2.7164071313890266,7,6,86,64,993,883,2011
Iowa,2.6989569866833154,7,6,84,68,1084,831,2011
Illinois,2.4139833148667282,7,6,82,72,1058,882,2011
California,2.309652861237146,7,6,80,73,1053,893,2011
Western Kentucky,2.3804394673334546,7,5,66,70,857,826,2011
Iowa St,2.2602157957688807,6,7,96,57,1127,803,2011
Air Force,2.1763408124839883,7,6,75,72,980,850,2011
Purdue,2.002650831023579,7,6,73,78,1045,859,2011
Western Michigan,1.818425829972751,7,6,70,78,970,893,2011
Miami FL,1.9737542746264496,6,6,75,64,941,794,2011
Florida Int'l,1.8729974726270378,8,5,59,88,921,925,2011
Eastern Michigan,1.8682347187862152,6,6,72,64,898,786,2011
Nevada,1.8513811691420066,7,6,74,79,987,960,2011
Vanderbilt,1.7645196547695325,6,7,85,65,1053,831,2011
Utah St,1.8105525702335885,7,6,74,78,937,978,2011
Pittsburgh,1.7348426908333114,6,7,87,65,1025,878,2011
Tennessee,1.734640851826507,5,7,94,50,1000,777,2011
Ball St,1.6661817980616902,6,6,71,69,908,844,2011
Ohio State,1.6285793312544155,6,7,85,70,1073,875,2011
Arizona St,1.5151310216026443,6,7,81,71,1049,884,2011
Wake Forest,1.3984041123541393,6,7,77,75,1047,842,2011
Texas Tech,1.3755583851743354,5,7,80,61,1055,731,2011
UCLA,1.3344357089191796,6,8,93,72,1127,985,2011
Northwestern,1.2300411949308867,6,7,71,79,1061,839,2011
Kentucky,1.3045854969062614,5,7,78,62,1015,732,2011
Kent St,1.2076226647074382,5,7,79,59,866,834,2011
South Florida,1.207327274568811,5,7,77,60,904,807,2011
Syracuse,1.1135890207041923,5,7,75,64,919,819,2011
Navy,1.186288274986616,5,7,78,60,886,840,2011
Bowling Green,1.0757128287044666,5,7,76,64,875,859,2011
East Carolina,1.0715899945019367,5,7,76,66,920,859,2011
Connecticut,0.9296599260146369,5,7,68,71,929,801,2011
North Texas,0.9513137054155352,5,7,71,68,872,858,2011
Central Florida,0.8079788002677547,5,7,65,73,873,861,2011
UTEP,0.9191802076998292,5,7,71,70,882,878,2011
San José St,0.7696134532117659,5,7,66,76,885,912,2011
Arizona,0.6824359805071343,4,8,83,59,967,826,2011
Hawai`i,0.7210667644127052,6,7,58,93,945,956,2011
Rice,0.5945729049785486,4,8,80,64,943,870,2011
Boston College,0.5103445517640605,4,8,71,69,929,805,2011
Louisiana-Monroe,0.4894886267302672,4,8,72,66,821,870,2011
Washington St,0.44005829184080597,4,8,67,75,958,837,2011
Miami OH,0.412609932530431,4,8,65,74,889,856,2011
Fresno St,0.3709036206743976,4,9,76,75,960,950,2011
Minnesota,0.32998480221223697,3,9,92,54,968,852,2011
New Mexico St,0.30079635965003343,4,9,69,84,989,959,2011
Oregon St,0.2649292820242476,3,9,81,62,947,845,2011
Central Michigan,0.24071982070267137,3,9,77,63,877,845,2011
Duke,0.2172710390355378,3,9,74,67,886,869,2011
Buffalo,0.1895665652366035,3,9,68,71,877,853,2011
Army,0.16519295688200092,3,9,65,75,848,881,2011
Troy,0.1775518470958462,3,9,66,72,852,863,2011
Colorado St,0.1535508715567875,3,9,60,78,903,834,2011
Colorado,0.1732595180079241,3,10,80,74,1025,937,2011
Alabama-Birmingham,0.16070930843416978,3,9,63,78,915,861,2011
Kansas,0.10990769850832778,2,10,91,51,1033,754,2011
Mississippi,0.09945179418362397,2,10,88,55,1008,769,2011
Maryland,0.08717431929680772,2,10,85,57,927,837,2011
UNLV,0.06519344966594555,2,10,74,66,877,863,2011
Idaho,0.05482302295918367,2,10,69,71,858,902,2011
Memphis,0.040936930249233866,2,10,58,80,867,865,2011
Middle Tennessee St,0.04195778441808315,2,10,59,78,840,879,2011
Tulane,0.027389101126210774,2,11,57,90,933,932,2011
New Mexico,0.009672969011701825,1,11,81,62,932,857,2011
Indiana,0.009306695265082866,1,11,79,63,915,846,2011
Florida Atlantic,0.006527326796343804,1,11,66,73,866,865,2011
Akron,0.005608264847449019,1,11,62,76,821,889,2011
Alabama,16.522840805998666,13,1,95,67,1235,823,2012
Notre Dame,18.059005500117465,12,1,98,57,1116,827,2012
Florida,17.4372976035813,11,2,109,44,1086,829,2012
Oregon,15.608346918574266,12,1,90,62,1080,828,2012
Texas A&M,15.754760156860875,11,2,101,52,1144,773,2012
Ohio State*,15.169148199200322,12,0,73,68,983,754,2012
South Carolina,14.006369623646975,11,2,95,57,1134,782,2012
Stanford,13.663372831065738,12,2,94,60,1135,814,2012
Georgia,13.316192741843686,12,2,98,68,1265,820,2012
Kansas St,11.817693133497075,11,2,88,63,1097,813,2012
Florida St,10.007269041362653,12,2,86,75,1115,887,2012
Clemson,10.464422341136231,11,2,84,68,1078,828,2012
LSU,10.87966909240854,10,3,95,56,1151,755,2012
San José St,10.1095428863643,11,2,85,64,944,897,2012
Oklahoma,9.558200410555113,10,3,92,60,1100,819,2012
Louisville,7.81458667236267,11,2,70,76,1028,804,2012
Nebraska,7.183788384764276,10,4,91,61,1051,860,2012
Utah St,7.764191386786967,11,2,73,75,964,866,2012
Cincinnati,7.4632109250865515,10,3,81,66,978,833,2012
Arkansas St,6.986143743264972,10,3,84,67,925,940,2012
Oregon St,6.23605321948033,9,4,89,65,1077,837,2012
Northwestern,6.268748596248614,10,3,74,76,1065,817,2012
Northern Illinois,6.92703223246081,12,2,73,87,1069,954,2012
Kent St,6.376325090257411,11,3,80,80,1059,955,2012
Boise St,5.9566505897931075,11,2,66,85,983,927,2012
Texas,5.8236866996139875,9,4,86,68,1098,853,2012
Vanderbilt,5.134294967839825,9,4,77,72,1091,792,2012
Tulsa,4.65138086042173,11,3,59,76,855,848,2012
Toledo,5.229105516985465,9,4,84,68,983,922,2012
Ball St,5.14761786334966,9,4,84,69,982,926,2012
Arizona,4.74671699524853,8,5,94,60,1048,869,2012
Michigan,4.866865191322913,8,5,95,59,1063,874,2012
Penn State,4.866573522096553,8,4,77,62,919,798,2012
Baylor,4.878252396036934,8,5,97,61,1093,875,2012
Louisiana Tech,4.792439436019388,9,3,64,73,887,817,2012
Rutgers,4.721695581691903,9,4,76,72,994,848,2012
Oklahoma St,4.145031376334851,8,5,86,67,1082,840,2012
Fresno St,4.180483078036128,9,4,77,74,907,965,2012
Syracuse,4.26711177381747,8,5,88,63,1013,866,2012
UCLA,4.198297936648688,9,5,81,71,1074,856,2012
San Diego St,4.189508480940371,9,4,75,75,952,933,2012
Louisiana-Lafayette,3.843886458855989,9,4,71,79,970,906,2012
Mississippi St,3.938680715256741,8,5,82,68,1057,812,2012
North Carolina,3.6474848588578768,8,4,66,72,923,792,2012
Central Florida,3.852716938398273,10,4,67,80,943,910,2012
Brigham Young,3.511036707305889,8,5,80,70,1000,888,2012
Miami FL,3.8329228285474906,7,5,83,58,978,777,2012
Texas Tech,3.549705267557366,8,5,80,72,1053,862,2012
Wisconsin,3.592780292816887,8,6,89,61,1031,854,2012
Navy,3.0893751097242617,8,5,75,73,955,895,2012
Arizona St,3.3173987054513314,8,5,75,74,1054,822,2012
Mississippi,3.3085477771719343,7,6,93,60,1107,823,2012
Michigan St,3.222730524692776,7,6,95,59,1048,884,2012
Middle Tennessee St,3.2196903319489776,8,4,64,74,870,852,2012
Washington,2.919129862329211,7,6,87,64,1073,832,2012
Texas-San Antonio,2.539993392004325,8,4,54,76,783,793,2012
Ohio U.,2.9881906653634096,9,4,62,85,932,909,2012
Virginia Tech,2.6815212635380616,7,6,86,66,1013,875,2012
Southern Cal,2.9125749141607598,7,6,89,66,1100,844,2012
Bowling Green,2.499217818153828,8,5,66,83,1021,847,2012
TCU,2.504580543068961,7,6,81,71,1079,831,2012
West Virginia,2.8066085328940655,7,6,86,65,1053,847,2012
East Carolina,2.6787513015661966,8,5,71,77,922,924,2012
Louisiana-Monroe,2.469804415260899,8,5,67,82,988,897,2012
Georgia Tech,2.116371485467338,7,7,91,71,1093,944,2012
North Carolina St,2.1194725175506495,7,6,75,72,957,878,2012
Missouri,1.9702237361541044,5,7,98,45,1034,749,2012
SMU,2.0092163040000783,7,6,76,75,949,919,2012
Iowa St,1.802729141100443,6,7,80,60,990,773,2012
Duke,1.829973924869227,6,7,89,62,1003,869,2012
Western Kentucky,1.686957304726293,7,6,68,80,950,906,2012
Pittsburgh,1.7321766896253896,6,7,83,64,1013,820,2012
Central Michigan,1.561735540281205,7,6,65,84,984,888,2012
Purdue,1.5928236816992827,6,7,80,68,1033,830,2012
Nevada,1.450191614724006,7,6,64,85,943,930,2012
Tennessee,1.2913135070581137,5,7,78,62,1011,747,2012
Rice,1.3956534643304324,7,6,64,85,893,950,2012
Minnesota,1.3848673057181082,6,7,78,76,1046,859,2012
Wake Forest,1.1816748309798646,5,7,76,62,928,795,2012
Utah,1.0532236282990093,5,7,72,68,965,788,2012
Air Force,0.8025959077613809,6,7,61,89,929,953,2012
Arkansas,0.8743841242551814,4,8,91,51,1006,744,2012
Connecticut,0.829991335786993,5,7,64,73,898,810,2012
Marshall,0.7380730069805701,5,7,64,76,830,870,2012
Troy,0.7660056499065749,5,7,63,75,879,851,2012
Houston,0.7668419415058487,5,7,65,74,828,880,2012
Temple,0.7283247051877525,4,7,67,59,833,722,2012
Iowa,0.6463814899641125,4,8,81,61,944,816,2012
Miami OH,0.6179947300614194,4,8,81,58,854,884,2012
Virginia,0.5858441574731221,4,8,75,62,902,807,2012
Indiana,0.5773541288165301,4,8,74,64,933,788,2012
Buffalo,0.5318602204858035,4,8,76,65,864,884,2012
North Texas,0.5061461387134791,4,8,72,66,864,857,2012
Colorado St,0.5302688331046668,4,8,77,66,876,898,2012
Maryland,0.45806879137509887,4,8,66,71,907,795,2012
Texas St-San Marcos,0.47376869147160783,4,8,70,67,831,865,2012
Wyoming,0.47822219258411897,4,8,72,69,874,891,2012
Western Michigan,0.43356664463338734,4,8,67,73,896,857,2012
Memphis,0.4225896487584102,4,8,66,72,853,857,2012
Auburn,0.3694584820900803,3,9,92,50,1001,776,2012
California,0.3243195088519728,3,9,87,54,959,800,2012
South Florida,0.30655713594946576,3,9,85,54,904,819,2012
New Mexico,0.2518938754825158,4,9,63,86,904,965,2012
Washington St,0.25360612440898345,3,9,78,66,988,798,2012
Florida Atlantic,0.23960551175187134,3,9,79,63,871,887,2012
Florida Int'l,0.1946929536088698,3,9,71,70,859,889,2012
Alabama-Birmingham,0.19522691723150645,3,9,69,68,828,853,2012
UTEP,0.17455158197322662,3,9,67,76,887,856,2012
Hawai`i,0.15323248291172184,3,9,64,78,855,916,2012
Kentucky,0.10935080391854138,2,10,91,50,1002,765,2012
Boston College,0.07948153452982741,2,10,79,61,943,806,2012
Illinois,0.0774443062549231,2,10,78,60,898,817,2012
Eastern Michigan,0.0779760161616735,2,10,83,61,909,884,2012
Army,0.07017545898380588,2,10,77,64,891,862,2012
Tulane,0.05694005985250381,2,10,71,70,844,896,2012
UNLV,0.042172938578491546,2,11,74,75,879,993,2012
South Alabama,0.03632225430469136,2,11,66,81,910,929,2012
Kansas,0.012328811991448287,1,11,91,54,972,825,2012
Idaho,0.010204615473468301,1,11,82,57,871,848,2012
Colorado,0.00993337750848827,1,11,79,62,964,799,2012
Akron,0.0070449879767861346,1,11,71,70,833,902,2012
New Mexico St,0.006794363188977049,1,11,66,70,842,847,2012
Massachusetts,0.006127146772230862,1,11,64,75,871,873,2012
Southern Miss,0.0,0,12,74,68,839,911,2012
Florida St,19.32052650022246,14,0,96,69,1198,901,2013
Auburn,15.454627888611611,12,2,107,59,1254,869,2013
Missouri,14.764981260721388,12,2,102,61,1249,837,2013
South Carolina,14.770981170561054,11,2,99,56,1175,791,2013
Michigan St,13.758670667540269,13,1,89,74,1192,876,2013
Clemson,12.770923364937644,11,2,94,60,1105,848,2013
Alabama,11.90196866646686,11,2,89,64,1131,817,2013
Baylor,11.402244928532845,11,2,88,61,1009,861,2013
Ohio State,10.39338163747249,12,2,88,74,1155,910,2013
Oklahoma,11.249469922931633,11,2,86,64,1075,828,2013
Central Florida,11.019159292026679,12,1,75,73,1024,853,2013
Stanford,10.906564866144446,11,3,97,57,1125,860,2013
Oregon,9.585611967086463,11,2,78,73,1148,788,2013
Oklahoma St,8.800112712780042,10,3,88,63,1085,821,2013
Louisville,8.903300917190851,12,1,69,80,995,890,2013
UCLA,8.813587465940307,10,3,89,65,1134,822,2013
Arizona St,8.32869535687732,10,4,97,57,1140,839,2013
LSU,8.530885245642688,10,3,85,68,1189,769,2013
Texas A&M,8.051361094960829,9,4,104,54,1110,872,2013
Fresno St,7.156147448813237,11,2,72,79,997,922,2013
Northern Illinois,7.111211920283987,12,2,75,87,1079,969,2013
Southern Cal,6.812472536064503,10,4,95,72,1231,900,2013
Notre Dame,6.5779868637384356,9,4,93,64,1113,857,2013
Washington,6.0366605394465,9,4,87,67,1111,838,2013
Duke,6.193546798339744,10,4,89,74,1188,896,2013
Georgia,5.672610998157038,8,5,100,54,1128,826,2013
Miami FL,5.210938261227828,9,4,80,72,1097,838,2013
Wisconsin,5.435412988233851,9,4,81,70,1093,827,2013
Mississippi,4.954107927150224,8,5,93,61,1146,820,2013
Nebraska,5.429826169229086,9,4,82,70,1088,847,2013
Virginia Tech,4.606806650619308,8,5,94,62,1078,902,2013
Vanderbilt,4.340996915722234,9,4,70,80,1154,767,2013
East Carolina,4.8122607783311695,10,3,68,82,979,924,2013
Arizona,4.643872100598815,8,5,91,62,1099,852,2013
Iowa,4.341522403879627,8,5,90,64,1062,885,2013
Navy,4.500271855022786,9,4,75,73,995,889,2013
Kansas St,4.41137626223499,8,5,89,64,1078,849,2013
Brigham Young,3.8217327848687708,8,5,84,69,1062,890,2013
Texas,4.209303573909507,8,5,86,65,1063,846,2013
Minnesota,3.918319146876477,8,5,84,67,1041,875,2013
Rice,4.126103120087539,10,4,75,86,1068,979,2013
Ball St,4.052101270217091,10,3,61,85,945,908,2013
Texas Tech,3.747170901182875,8,5,81,69,1035,842,2013
Mississippi St,4.002984416859747,7,6,105,50,1094,864,2013
Houston,3.9417758294438268,8,5,89,63,928,953,2013
Bowling Green,3.7856009900299803,10,4,70,90,1112,937,2013
Utah St,3.4268269751485065,9,5,83,81,1051,1036,2013
Marshall,3.725894815944244,10,4,73,88,1014,1025,2013
Toledo,3.6222341892432555,7,5,86,58,924,882,2013
North Texas,3.588897921528511,9,4,71,80,930,971,2013
Louisiana-Lafayette,3.4431363354085227,9,4,65,81,957,871,2013
Arkansas St,3.1794129045168416,8,5,76,72,953,889,2013
Georgia Tech,2.7383467187158095,7,6,85,69,1125,829,2013
Pittsburgh,3.260300548871611,7,6,97,59,1070,911,2013
Penn State,3.1662130660465992,7,5,75,65,986,788,2013
San Diego St,3.17530706768437,8,5,78,74,995,928,2013
Michigan,3.1598070424650655,7,6,92,60,1074,870,2013
Western Kentucky,3.055441038975219,8,4,61,74,846,829,2013
North Carolina,3.0373734440706337,7,6,93,61,1044,913,2013
Boise St,2.9995135867612275,8,5,77,75,969,963,2013
Oregon St,2.9533115843632696,7,6,90,67,1149,847,2013
Syracuse,2.7121170353462576,7,6,84,67,1075,840,2013
Boston College,2.6827635734852655,7,6,84,68,1091,848,2013
Texas-San Antonio,2.5391569160102785,7,5,71,70,897,881,2013
Cincinnati,2.5067210732971223,9,4,55,92,1007,859,2013
Middle Tennessee St,2.1949656585348247,8,5,65,85,950,944,2013
Buffalo,2.3696804475787023,8,5,66,83,980,911,2013
Tulane,2.1930465775956525,7,6,80,68,887,958,2013
Maryland,2.1706819931917543,7,6,76,75,1056,868,2013
San José St,1.981262131296764,6,6,80,63,905,882,2013
Louisiana-Monroe,1.729708506660489,6,6,71,65,855,829,2013
Washington St,1.9772882401130116,6,7,94,64,1133,861,2013
UNLV,1.8788856489164605,7,6,73,77,969,938,2013
Tennessee,1.5845238406379774,5,7,87,54,1027,758,2013
Ohio U.,1.6669390221483238,7,6,71,80,920,985,2013
Utah,1.5410244548701082,5,7,89,57,1060,789,2013
Troy,1.4592302514194808,6,6,65,73,904,814,2013
South Alabama,1.6546883098921958,6,6,70,67,863,839,2013
Indiana,1.3985108584632873,5,7,86,58,980,828,2013
Colorado St,1.5974973510625718,8,6,64,95,1078,962,2013
Florida Atlantic,1.466131054952079,6,6,68,74,914,873,2013
Rutgers,1.2633239516668469,6,7,74,75,982,903,2013
Northwestern,1.3028527267115315,5,7,82,61,981,810,2013
Central Michigan,1.2134406306892527,6,6,61,80,917,851,2013
Texas St-San Marcos,1.1350392072559015,6,6,58,77,824,851,2013
Akron,1.0993251128662507,5,7,78,63,877,889,2013
Florida,0.8609468541126385,4,8,89,51,1025,757,2013
SMU,0.8908715394600435,5,7,66,72,939,805,2013
Colorado,0.7586126671621858,4,8,88,56,996,820,2013
TCU,0.7262116760541061,4,8,84,57,974,789,2013
Wyoming,0.6254287083128741,5,7,58,81,870,882,2013
Wake Forest,0.6490308428724756,4,8,81,60,942,832,2013
Nevada,0.5988999582291824,4,8,80,62,915,881,2013
Illinois,0.6149644542501684,4,8,78,62,950,826,2013
West Virginia,0.5573101720604705,4,8,72,67,982,769,2013
Kent St,0.5270186804880681,4,8,76,64,845,905,2013
Arkansas,0.33089191800197904,3,9,87,56,1039,777,2013
North Carolina St,0.28587903605153453,3,9,84,58,938,856,2013
Iowa St,0.2641101693742608,3,9,76,63,994,764,2013
Kansas,0.24739525861568304,3,9,76,64,944,813,2013
Memphis,0.24022438175099492,3,9,77,63,894,865,2013
Tulsa,0.2372533809807975,3,9,82,62,841,955,2013
Connecticut,0.23309663316915144,3,9,77,66,921,869,2013
Louisiana Tech,0.2128441502678666,4,8,46,90,863,855,2013
New Mexico,0.1718526892098795,3,9,67,74,869,915,2013
Army,0.13053439181629284,3,9,56,81,853,853,2013
Virginia,0.09242919327665572,2,10,87,57,996,825,2013
Kentucky,0.09587449791582037,2,10,85,55,991,773,2013
South Florida,0.08684360107939097,2,10,86,55,893,878,2013
Temple,0.06333235829391086,2,10,73,67,881,870,2013
Alabama-Birmingham,0.06254423827798239,2,10,74,66,852,910,2013
Eastern Michigan,0.05853932192706533,2,10,73,67,812,934,2013
New Mexico St,0.05626644550275742,2,10,68,71,876,849,2013
Air Force,0.05067242055073891,2,10,67,74,858,912,2013
UTEP,0.04305122155699886,2,10,61,79,866,902,2013
Purdue,0.011273144050542356,1,11,87,56,951,856,2013
California,0.012204747993268398,1,11,88,56,1034,797,2013
Idaho,0.009335637029074396,1,11,80,61,891,887,2013
Hawai`i,0.008168479719040818,1,11,76,67,904,905,2013
Western Michigan,0.007356953711066462,1,11,69,70,908,852,2013
Massachusetts,0.007551515277548463,1,11,74,68,850,919,2013
Florida Int'l,0.007293010978146482,1,11,73,67,813,941,2013
Southern Miss,0.006081789217509623,1,11,65,74,842,910,2013
Georgia St,0.0,0,12,79,60,844,879,2013
Miami OH,0.0,0,12,64,76,848,910,2013
Ohio State,20.0747422358138,14,1,117,63,1274,906,2014
Florida St,18.46103191334333,13,1,96,59,1115,740,2014
Oregon,16.12744333111277,13,2,100,55,1144,778,2014
Alabama,16.022865912578375,12,2,100,56,1174,722,2014
Michigan St,13.29474141694642,11,2,95,59,1132,831,2014
TCU,13.076626318134918,12,1,81,69,1089,821,2014
Boise St,12.374903324430981,12,2,94,61,989,862,2014
Georgia Tech,11.41419858563352,11,3,99,55,1046,791,2014
Missouri,10.831197179405057,11,3,102,64,1255,867,2014
UCLA,10.806845887481089,10,3,101,56,1082,804,2014
Marshall,10.715882214491234,13,1,76,73,909,858,2014
Georgia,9.900083545487348,10,3,93,60,1145,800,2014
Wisconsin,9.790104054577235,11,3,92,64,1091,789,2014
Mississippi,9.713252962280485,9,4,102,43,1024,707,2014
Mississippi St,9.456126458240307,10,3,83,59,1038,669,2014
Baylor,9.429567706076247,11,2,79,70,1052,848,2014
Clemson,9.171023781413394,10,3,91,63,1131,829,2014
Arizona St,8.654853687060372,10,3,82,60,1007,759,2014
Arizona,7.066179909072083,10,4,90,65,1095,809,2014
Utah,7.040496069258732,9,4,87,57,1019,734,2014
Air Force,6.516601881169147,10,3,74,68,892,800,2014
Auburn,6.316737838922425,8,5,98,48,1054,698,2014
Kansas St,6.2997865146863745,9,4,89,64,1093,855,2014
Southern Cal,6.286866134710597,9,4,88,66,1081,782,2014
Colorado St,6.2442194944724605,10,3,71,70,936,794,2014
Louisville,6.0739504856046205,9,4,78,62,986,686,2014
Northern Illinois,6.036980375043501,11,3,79,82,1054,985,2014
Nebraska,5.742339499138912,9,4,79,64,977,746,2014
Memphis,5.553002976045947,10,3,65,72,904,764,2014
LSU,5.3339154333406835,8,5,97,60,1201,802,2014
Utah St,5.11230766021424,10,4,85,79,1093,1000,2014
Texas A&M,5.066439357189753,8,5,95,60,1143,832,2014
Minnesota,4.8921746586652874,8,5,87,56,984,751,2014
Toledo,4.883935609931453,9,4,83,71,982,956,2014
Stanford,4.866704425835129,8,5,86,57,996,729,2014
North Carolina St,4.724731429978002,8,5,85,56,935,741,2014
Notre Dame,4.668311246800632,8,5,90,63,1071,779,2014
Rutgers,4.630870502216454,8,5,83,60,1034,719,2014
Louisiana-Lafayette,4.529597376614269,9,4,79,73,944,924,2014
Louisiana Tech,4.460671085239097,9,5,86,66,974,883,2014
Florida,4.432518078950635,7,5,90,54,1045,783,2014
Cincinnati,4.396993309293642,9,4,76,76,1023,907,2014
Navy,4.354418507487143,8,5,85,56,872,824,2014
Arkansas,4.140706628705355,7,6,97,48,1033,710,2014
Georgia Southern,4.078186307901907,9,3,55,70,733,735,2014
Central Florida,4.045868001820664,9,4,73,77,973,917,2014
Oklahoma,3.9573650647432776,8,5,84,69,1098,851,2014
Duke,3.805272298140694,9,4,62,77,958,704,2014
Tennessee,3.6351919248073994,7,6,100,57,1145,850,2014
Brigham Young,3.6099429795701523,8,5,77,65,894,803,2014
Western Kentucky,3.458559014933555,8,5,82,71,930,870,2014
Maryland,3.1500737118891036,7,6,92,63,1138,849,2014
South Carolina,3.103863155436525,7,6,83,59,991,712,2014
Virginia Tech,3.044439232520666,7,6,86,59,969,779,2014
West Virginia,3.0301199061598614,7,6,83,59,972,739,2014
Washington,3.0078783584186124,8,6,89,78,1201,915,2014
Boston College,2.869116244820088,7,6,82,60,949,773,2014
Rice,2.8611942782414315,8,5,75,78,981,939,2014
Oklahoma St,2.7942551570103453,7,6,81,61,945,773,2014
Western Michigan,2.675459028343602,8,5,66,73,829,799,2014
Penn State,2.6123289404665444,7,6,84,68,1064,878,2014
Bowling Green,2.433841621321565,8,6,77,72,865,906,2014
East Carolina,2.4052102059971783,8,5,65,83,1007,875,2014
Nevada,2.3622981082403087,7,6,78,67,902,823,2014
Houston,2.3093515390493335,8,5,66,83,950,931,2014
Iowa,2.2032133201785964,7,6,76,77,1125,842,2014
Miami FL,2.1490557891708755,6,7,91,54,964,773,2014
Illinois,2.0260724892903084,6,7,96,61,1104,899,2014
North Carolina,2.000258876788076,6,7,95,62,1108,886,2014
Middle Tennessee St,1.9513239626024592,6,6,70,58,796,729,2014
UTEP,1.7915695830604181,7,6,71,79,924,880,2014
Arkansas St,1.7544829515639448,7,6,71,79,945,939,2014
Appalachian St,1.7413152714939522,7,5,57,79,843,845,2014
Central Michigan,1.737991563991511,7,6,69,80,978,906,2014
Texas,1.7200942082312949,6,7,85,67,1016,800,2014
Old Dominion,1.6772591448862335,6,6,65,64,816,728,2014
Alabama-Birmingham,1.664738929279577,6,6,64,64,806,707,2014
San Diego St,1.6395072528563075,7,6,69,83,981,944,2014
Texas St-San Marcos,1.5699540434363657,7,5,50,75,741,758,2014
Temple,1.5269094475883818,6,6,63,65,772,759,2014
Virginia,1.5264476593714587,5,7,89,56,1039,816,2014
Michigan,1.4211658280250303,5,7,83,59,1046,773,2014
Ohio U.,1.4121609394053063,6,6,61,65,710,763,2014
Kentucky,1.3951956287569,5,7,75,54,877,660,2014
Pittsburgh,1.3741710901466895,6,7,77,75,1055,882,2014
California,1.3206479921321888,5,7,74,58,937,676,2014
Northwestern,1.2593367124321786,5,7,73,58,897,703,2014
Oregon St,1.169525764771652,5,7,71,61,893,705,2014
South Alabama,1.153276432349915,6,7,72,76,853,868,2014
Fresno St,1.0288825573292177,6,8,70,71,927,821,2014
Ball St,0.8634954507754702,5,7,70,72,867,898,2014
Buffalo,0.7824071773352875,5,6,52,73,738,795,2014
Indiana,0.7054249599843362,4,8,85,61,1048,817,2014
Wyoming,0.6838750989055886,4,8,87,60,961,862,2014
Texas Tech,0.6169505783912975,4,8,71,59,879,695,2014
Akron,0.6122631499166289,5,7,52,73,717,749,2014
New Mexico,0.5266918152720621,4,8,76,68,873,837,2014
South Florida,0.5195979272293613,4,8,74,67,900,867,2014
Florida Int'l,0.507752214428594,4,8,73,63,807,889,2014
Army,0.5020259126128978,4,8,70,65,850,836,2014
Texas-San Antonio,0.430163660027713,4,8,67,74,912,861,2014
Louisiana-Monroe,0.37497539774567046,4,8,61,74,842,856,2014
Washington St,0.34218128224756444,3,9,83,51,919,691,2014
Syracuse,0.3231541175914988,3,9,89,56,1009,829,2014
Hawai`i,0.320739584964982,4,9,72,84,1026,959,2014
Vanderbilt,0.292068707110656,3,9,80,59,996,769,2014
Southern Miss,0.29092393736548017,3,9,87,55,872,886,2014
Purdue,0.281781920968669,3,9,75,56,866,708,2014
Wake Forest,0.27839448986319476,3,9,75,56,842,707,2014
North Texas,0.26985862065147126,4,8,47,79,808,735,2014
Kansas,0.2628346131951901,3,9,73,57,829,725,2014
Tulane,0.25479588501051936,3,9,82,60,868,907,2014
Florida Atlantic,0.20317263719512196,3,9,69,69,853,787,2014
San José St,0.19966872424057222,3,9,65,68,848,737,2014
Troy,0.15069969725256163,3,9,56,68,689,768,2014
Massachusetts,0.10263292710204848,3,9,48,87,889,822,2014
Iowa St,0.09345097398932246,2,10,88,57,1004,828,2014
Colorado,0.08899253271532885,2,10,86,59,953,791,2014
Kent St,0.07449190692667458,2,9,64,66,833,796,2014
Eastern Michigan,0.06491161274532652,2,10,74,64,846,889,2014
Miami OH,0.060145024381412754,2,10,73,65,799,922,2014
Connecticut,0.05855839326777239,2,10,64,64,766,748,2014
Tulsa,0.053305497213379925,2,10,67,71,847,887,2014
UNLV,0.05035035396752854,2,11,77,69,865,875,2014
New Mexico St,0.03985367004446689,2,10,57,78,818,876,2014
SMU,0.008332784518515074,1,11,76,64,858,898,2014
Georgia St,0.007538886244319122,1,11,73,66,819,915,2014
Idaho,0.006736474175190703,1,10,56,69,692,857,2014
Alabama,25.827353786616854,14,1,134,49,1368,941,2015
Clemson,19.16167854243615,14,1,105,61,1174,819,2015
Ohio State,14.736548926752358,12,1,88,67,1105,796,2015
Michigan St,14.713371407886713,12,2,106,63,1227,839,2015
Oklahoma,12.740224517380366,11,2,95,60,1095,861,2015
Stanford,12.7361986269162,12,2,92,63,1147,851,2015
Iowa,11.739309552249166,12,2,92,73,1258,840,2015
Houston,11.50023048846117,13,1,78,74,1002,835,2015
Mississippi,11.181658575035751,10,3,91,52,1061,688,2015
TCU,10.18401419670802,11,2,75,65,994,703,2015
Navy,10.128862442591032,11,2,87,68,1029,910,2015
LSU,9.772914216295671,9,3,90,55,1110,736,2015
Northwestern,9.711576504754982,10,3,94,60,1119,835,2015
Notre Dame,9.438324988620847,10,3,93,62,1080,795,2015
Michigan,9.307203491695473,10,3,91,63,1115,789,2015
North Carolina,8.661351894081708,11,3,91,71,1155,886,2015
Florida St,8.632546511385648,10,3,90,65,1093,850,2015
Western Kentucky,8.38994634888941,12,2,82,79,982,930,2015
Oklahoma St,8.189538564292016,10,3,85,65,1059,831,2015
Mississippi St,7.87426666931777,9,4,91,52,1005,710,2015
Utah,7.718827051610505,10,3,84,71,1089,797,2015
Appalachian St,7.6647298169171565,11,2,70,70,834,814,2015
Georgia,7.648518513837854,10,3,81,71,1145,790,2015
Toledo,7.607811615963792,10,2,71,71,895,807,2015
Baylor,7.540543804280069,10,3,76,64,936,729,2015
Florida,7.426296164013474,10,4,96,66,1207,873,2015
Oregon,7.383678534113159,9,4,91,55,1019,760,2015
Tennessee,7.380792620360681,9,4,94,59,1145,798,2015
Wisconsin,6.723783294826663,10,3,77,77,1167,808,2015
Arkansas,6.104588503205255,8,5,101,51,1148,787,2015
Memphis,6.039968260290004,9,4,83,61,955,788,2015
San Diego St,5.730374039349536,11,3,78,85,1070,1004,2015
Washington St,5.435161965605335,9,4,82,71,1112,838,2015
Brigham Young,5.38259748724091,9,4,77,64,947,794,2015
Bowling Green,5.273208843135839,10,4,84,78,1043,895,2015
California,5.211464241826573,8,5,99,58,1104,859,2015
Pittsburgh,4.956674555785303,8,5,89,54,934,767,2015
Texas A&M,4.906377772178979,8,5,90,62,1168,777,2015
Miami FL,4.883175547760459,8,5,94,60,1095,852,2015
Temple,4.856921674692572,10,4,81,81,1047,917,2015
Georgia Southern,4.545671308319242,9,4,79,73,958,931,2015
Louisville,4.372304459018108,8,5,81,61,971,713,2015
Marshall,4.345129965287177,10,3,60,79,851,810,2015
Western Michigan,4.279369177355789,8,5,85,58,909,840,2015
Louisiana Tech,4.268773788284813,9,4,77,73,911,955,2015
Auburn,4.230085130476927,7,6,107,50,1155,825,2015
Southern Cal,4.150766939946619,8,6,98,57,1064,848,2015
West Virginia,3.9922042170764156,8,5,82,68,1092,813,2015
Arkansas St,3.8500036861921485,9,4,66,72,838,814,2015
UCLA,3.7966584018648337,8,5,83,72,1067,811,2015
Boise St,3.6680829633114356,9,4,66,77,890,825,2015
South Florida,3.5610787359727505,8,5,74,67,947,760,2015
Ohio U.,3.283680026708767,8,5,74,67,863,824,2015
Washington,3.267836029642557,7,6,89,57,997,773,2015
Penn State,3.208207411387908,7,6,94,60,1086,883,2015
Texas Tech,3.1472495406485286,7,6,91,62,1089,822,2015
Southern Miss,3.1164170435349416,9,5,72,78,920,887,2015
Duke,2.891411705232244,8,5,71,78,1030,855,2015
Cincinnati,2.6319270166113204,7,6,82,62,902,833,2015
Air Force,2.6038537570391678,8,6,81,74,952,911,2015
North Carolina St,2.585382479830654,7,6,77,64,919,736,2015
Akron,2.543417093246559,8,5,64,75,869,819,2015
Arizona,2.463739794973192,7,6,84,70,1029,911,2015
Northern Illinois,2.4555047362744156,8,6,76,74,933,887,2015
Virginia Tech,2.2517613274792843,7,6,71,69,941,737,2015
Central Michigan,2.199046687231455,7,6,72,68,908,797,2015
Minnesota,2.1052786994077546,6,7,96,58,1031,840,2015
Middle Tennessee St,2.098809697615101,7,6,70,70,912,784,2015
Nebraska,1.9946460118960376,6,7,93,62,1064,824,2015
Arizona St,1.9324471150182603,6,7,86,59,989,781,2015
Indiana,1.8824659048479877,6,7,83,59,983,771,2015
Kansas St,1.7175444731301197,6,7,78,62,950,738,2015
Utah St,1.5801897732048618,6,7,89,66,955,1004,2015
New Mexico,1.5644867673060032,7,6,64,79,869,868,2015
Colorado St,1.5489840096323733,7,6,63,79,870,856,2015
Nevada,1.5128765841715528,7,6,62,79,849,845,2015
Illinois,1.4717128120660647,5,7,86,58,1037,781,2015
Connecticut,1.467956813083446,6,7,82,69,963,939,2015
Texas,1.3845612370742273,5,7,82,59,1013,777,2015
Missouri,1.3804757644901875,5,7,75,55,891,663,2015
Tulsa,1.2003184902101458,6,7,73,79,966,859,2015
San José St,1.1623302042240757,6,7,75,79,967,973,2015
East Carolina,1.0947534696080414,5,7,76,66,942,841,2015
Kentucky,1.0442186429063676,5,7,70,68,979,766,2015
Georgia St,1.0129283401957265,6,7,67,80,919,934,2015
South Alabama,0.9648299355500607,5,7,67,62,756,773,2015
Vanderbilt,0.833668874965118,4,8,84,48,881,704,2015
Buffalo,0.7768228922075078,5,7,60,70,794,781,2015
Old Dominion,0.7691668340252708,5,7,61,67,721,819,2015
Florida Int'l,0.7271902826628455,5,7,63,74,811,895,2015
Virginia,0.7225317191424702,4,8,85,58,990,803,2015
Syracuse,0.6694998949299916,4,8,73,57,892,664,2015
Rice,0.644467947400462,5,7,54,73,751,773,2015
UTEP,0.634969816705805,5,7,57,79,851,852,2015
Rutgers,0.5937323294313052,4,8,69,61,919,696,2015
Troy,0.4968211036566087,4,8,72,68,884,859,2015
Idaho,0.4383711160072474,4,8,66,73,914,827,2015
Colorado,0.4320042671073906,4,9,75,69,966,801,2015
Maryland,0.3995340812160094,3,9,100,47,1020,826,2015
Louisiana-Lafayette,0.36135346532296425,4,8,57,70,727,774,2015
Georgia Tech,0.3547987113686824,3,9,93,52,998,810,2015
Iowa St,0.34530556357288666,3,9,90,53,997,790,2015
South Carolina,0.31519815546019786,3,9,85,58,1022,768,2015
Boston College,0.2858218336010808,3,9,70,51,798,662,2015
Wake Forest,0.2704486912374613,3,9,74,58,852,695,2015
Ball St,0.22939647851896128,3,9,70,61,816,771,2015
Fresno St,0.22624900936293446,3,9,71,62,815,789,2015
Kent St,0.21024169334622053,3,9,66,62,789,770,2015
Texas St-San Marcos,0.20739755570039062,3,9,73,66,834,899,2015
Florida Atlantic,0.19441206376631176,3,9,71,69,805,859,2015
Miami OH,0.18922904323616485,3,9,64,66,788,789,2015
UNLV,0.187663897739676,3,9,65,67,793,808,2015
Tulane,0.17931928388659157,3,9,61,69,810,744,2015
New Mexico St,0.16224315565725436,3,9,64,76,873,884,2015
Texas-San Antonio,0.16087021605708296,3,9,64,76,806,830,2015
Massachusetts,0.1598216933781552,3,9,63,76,840,847,2015
Hawai`i,0.15054444271816161,3,10,72,72,857,892,2015
Purdue,0.10108232681994203,2,10,84,50,919,735,2015
Oregon St,0.09339754353206868,2,10,80,53,915,726,2015
SMU,0.08851458967775859,2,10,86,56,932,856,2015
Wyoming,0.06286498974431126,2,10,76,66,849,942,2015
UNC-Charlotte,0.044450930141303614,2,10,58,70,715,814,2015
Louisiana-Monroe,0.04429568064016436,2,11,69,72,860,833,2015
Army,0.04275595735036981,2,10,59,78,851,858,2015
North Texas,0.009404358232583112,1,11,81,61,885,887,2015
Eastern Michigan,0.005103781616823323,1,11,57,80,833,802,2015
Kansas,0.0,0,12,80,60,996,775,2015
Central Florida,0.0,0,12,70,71,917,850,2015
Clemson,23.78005620893973,14,1,119,51,1235,834,2016
Alabama,23.03170787561062,14,1,116,53,1226,813,2016
Ohio State,14.48320393925499,11,2,102,55,1092,836,2016
Washington,12.923870541835983,12,2,91,62,1075,778,2016
Florida St,12.159282507255147,10,3,104,50,1151,814,2016
Oklahoma,11.25001891558911,11,2,87,64,1003,790,2016
Western Michigan,10.906544773031326,13,1,83,79,1055,978,2016
Wisconsin,10.101538396252147,11,3,100,64,1118,878,2016
Penn State,9.355252546983735,11,3,97,69,1141,879,2016
Southern Cal,9.208905070506159,10,3,91,63,1087,789,2016
Michigan,8.78745415447655,10,3,91,66,1093,809,2016
South Florida,8.759921313948762,11,2,71,69,940,732,2016
West Virginia,8.319416032479392,10,3,89,65,1054,872,2016
Oklahoma St,7.971630575066141,10,3,86,65,1021,870,2016
Tennessee,7.870337925034626,9,4,95,52,1016,773,2016
Colorado,7.6083918317347825,10,4,92,60,1056,797,2016
Stanford,7.519273389441617,10,3,81,70,1104,819,2016
LSU,7.367314026113016,8,4,94,50,1069,763,2016
Western Kentucky,7.116518686899664,11,3,76,66,862,821,2016
Appalachian St,7.080735509541459,10,3,81,69,948,829,2016
Boise St,7.059874176867171,10,3,83,71,959,837,2016
Florida,6.634587416393196,9,4,90,65,1093,750,2016
Troy,6.60086478388169,10,3,74,68,903,788,2016
Virginia Tech,6.5169756869136926,10,4,90,73,1223,862,2016
Georgia Tech,6.50945234102153,9,4,84,60,987,725,2016
Tulsa,6.317344948587804,10,3,76,74,1024,870,2016
Air Force,6.238912834526795,10,3,72,71,897,762,2016
Miami FL,6.188782446460886,9,4,81,60,954,734,2016
Auburn,5.759851586490045,8,5,94,51,1028,720,2016
Louisville,5.608782090662399,9,4,82,70,1053,760,2016
North Carolina,5.469756481476367,8,5,99,56,1115,823,2016
San Diego St,5.435402672523458,11,3,69,81,994,883,2016
Nebraska,5.3831005379685495,9,4,82,72,1058,791,2016
Houston,5.367599636467218,9,4,78,63,887,791,2016
Kansas St,5.361957002398513,9,4,76,63,900,765,2016
Minnesota,5.278678732792961,9,4,75,67,986,743,2016
Temple,5.2539260512641635,10,4,79,73,958,837,2016
Old Dominion,5.072816701524371,10,3,65,74,844,812,2016
Utah,5.049597815996109,9,4,78,71,1044,836,2016
Pittsburgh,5.027633079985206,8,5,95,61,1153,829,2016
Toledo,4.910690736971918,9,4,82,69,951,944,2016
Navy,4.77875080844359,9,5,97,66,1025,993,2016
Washington St,4.697224077116654,8,5,92,61,1077,855,2016
Idaho,4.607088466623535,9,4,71,69,901,768,2016
Brigham Young,4.427673269252941,9,4,73,76,1044,834,2016
Texas A&M,4.41220297743522,8,5,87,65,1120,818,2016
Iowa,4.397563130462346,8,5,90,65,1097,863,2016
Georgia,4.105876772545303,8,5,78,64,995,709,2016
Memphis,3.94159158215098,8,5,79,62,896,767,2016
New Mexico,3.832396507345364,9,4,65,75,898,778,2016
Wyoming,3.3392948601901646,8,6,83,57,860,829,2016
North Carolina St,3.1854268977119395,7,6,85,58,995,728,2016
Kentucky,3.060256219383992,7,6,84,60,1015,747,2016
Louisiana Tech,3.008969262463901,9,5,66,74,848,816,2016
Arkansas,3.005546769365505,7,6,83,61,999,725,2016
Northwestern,2.976196991641517,7,6,83,59,972,770,2016
Colorado St,2.792580187786241,7,6,84,60,891,804,2016
Arkansas St,2.7367348997548477,8,5,70,80,1017,869,2016
Wake Forest,2.6960663883919893,7,6,79,64,967,742,2016
Boston College,2.578384399615157,7,6,77,66,982,742,2016
Army,2.5174138341115793,8,5,53,63,726,677,2016
Baylor,2.3721771139854635,7,6,73,65,903,760,2016
Middle Tennessee St,2.2220265474325807,8,5,61,80,837,806,2016
Ohio U.,2.2126280449463236,8,6,72,79,931,854,2016
Eastern Michigan,2.210345168205674,7,6,75,67,844,819,2016
Vanderbilt,1.9514818467104271,6,7,84,59,990,731,2016
Southern Miss,1.9286179308748426,7,6,69,71,832,804,2016
South Carolina,1.7844282590906198,6,7,80,63,1005,728,2016
Mississippi St,1.7446649190703563,6,7,86,68,1117,846,2016
Mississippi,1.6913814532201283,5,7,91,54,1084,742,2016
TCU,1.6702257318596858,6,7,84,67,1037,852,2016
Hawai`i,1.6252715191867846,7,7,82,79,1016,1011,2016
Maryland,1.4880145028569391,6,7,74,67,966,792,2016
Indiana,1.454826475912974,6,7,79,73,1020,842,2016
Central Florida,1.440121710123202,6,7,75,65,859,824,2016
South Alabama,1.3899678435452638,6,7,68,61,781,754,2016
Central Michigan,1.3670671268052454,6,7,74,67,837,821,2016
California,1.3101844586651956,5,7,82,60,919,773,2016
Louisiana-Lafayette,1.2834846230983548,6,7,75,74,963,906,2016
Texas-San Antonio,1.264647537739028,6,7,72,69,811,833,2016
SMU,1.2476724802420383,5,7,81,61,934,828,2016
Arizona St,1.1744909577576081,5,7,69,60,887,676,2016
Texas Tech,1.1412300265236217,5,7,70,59,816,707,2016
Georgia Southern,1.1239825618096821,5,7,70,59,810,725,2016
Northern Illinois,1.1070651110576852,5,7,72,59,765,745,2016
Miami OH,1.0011118650111444,6,7,67,83,959,920,2016
Texas,0.9795307750759881,5,7,69,69,891,754,2016
Akron,0.9425320305099957,5,7,66,64,780,763,2016
Syracuse,0.8021245389472624,4,8,82,51,919,694,2016
Missouri,0.7221999207217628,4,8,77,54,894,690,2016
North Texas,0.719869765279989,5,8,65,64,751,756,2016
Oregon St,0.7119317919589525,4,8,76,54,892,694,2016
Oregon,0.7091864268277759,4,8,76,54,888,697,2016
Duke,0.6792817415709698,4,8,82,60,979,801,2016
UCLA,0.6229890453834115,4,8,77,63,987,788,2016
Nevada,0.6059093166808751,5,7,56,83,884,829,2016
Louisiana-Monroe,0.586288859430013,4,8,77,62,895,840,2016
Notre Dame,0.5843523171625379,4,8,76,65,908,764,2016
Cincinnati,0.552267472945507,4,8,77,64,880,880,2016
Tulane,0.55037102487848,4,8,75,66,927,838,2016
San José St,0.539749981140726,4,8,71,59,748,783,2016
Bowling Green,0.5143667757507042,4,8,73,67,899,861,2016
UNLV,0.456868149392483,4,8,64,67,799,747,2016
UNC-Charlotte,0.4205758166987826,4,8,62,67,760,786,2016
Florida Int'l,0.3764112821786466,4,8,64,77,809,831,2016
Ball St,0.37132725722942644,4,8,57,71,770,753,2016
Arizona,0.33600390477570863,3,9,90,53,962,810,2016
UTEP,0.3322979780813066,4,8,55,73,726,768,2016
Utah St,0.28224307592069353,3,9,86,57,883,885,2016
Illinois,0.2764691132466618,3,9,74,57,880,707,2016
Michigan St,0.25942369959184497,3,9,71,60,923,710,2016
East Carolina,0.2486269902041032,3,9,72,60,837,728,2016
Iowa St,0.24709289340935428,3,9,69,59,831,696,2016
Kent St,0.24452294493972956,3,9,78,64,917,851,2016
Purdue,0.24046603080153567,3,9,70,61,864,739,2016
Georgia St,0.2376948171416858,3,9,70,59,792,741,2016
New Mexico St,0.22626321989855383,3,9,75,66,845,806,2016
Marshall,0.19718173364029787,3,9,65,64,758,767,2016
Rice,0.1952190991478569,3,9,72,69,816,887,2016
Connecticut,0.1914566031846569,3,9,66,73,956,803,2016
Florida Atlantic,0.16960590959207267,3,9,60,67,729,770,2016
Rutgers,0.08954240683501871,2,10,78,54,899,724,2016
Kansas,0.07601539610501522,2,10,72,58,827,718,2016
Virginia,0.07532435589989543,2,10,77,66,1014,793,2016
Massachusetts,0.0688716454221918,2,10,77,65,896,875,2016
Texas St-San Marcos,0.06358209081434406,2,10,67,63,804,751,2016
Buffalo,0.04989306642159614,2,10,65,73,836,885,2016
Fresno St,0.008014553764067065,1,11,68,62,780,761,2016
Alabama,20.136472571779766,13,1,102,55,1091,740,2017
Central Florida,19.08379077956817,13,0,81,57,945,761,2017
Georgia,17.349849634784437,13,2,102,50,1092,753,2017
Clemson,15.634713129894957,12,2,99,55,1106,735,2017
Wisconsin,15.280669385973663,13,1,95,70,1167,860,2017
Ohio State,14.667932553014825,12,2,105,60,1163,859,2017
Penn State,12.79449889592371,11,2,92,60,1059,778,2017
Notre Dame,11.779905849412568,10,3,105,53,1148,811,2017
Oklahoma,11.183099131224177,12,2,87,68,1111,860,2017
Miami FL,10.497904282357963,10,3,96,56,1098,801,2017
Michigan St,9.72880621023077,10,3,91,60,1097,767,2017
Auburn,9.418663795152545,10,4,95,48,992,702,2017
Southern Cal,8.959851349305186,11,3,88,65,1057,836,2017
Florida Atlantic,8.234759849905783,11,3,88,65,973,923,2017
TCU,7.950989794196621,11,3,77,65,970,770,2017
Boise St,7.946747749914043,11,3,86,67,937,870,2017
Washington,7.72584831799085,10,3,85,67,1034,871,2017
Troy,7.506729591587713,11,2,70,70,795,809,2017
Northwestern,7.460656662158306,10,3,80,71,1092,778,2017
Mississippi St,7.06390614202042,9,4,88,57,982,717,2017
South Carolina,6.962662214533855,9,4,93,61,1103,814,2017
North Carolina St,6.886418694596139,9,4,92,62,1120,806,2017
LSU,6.797720475626967,9,4,82,58,1011,682,2017
South Florida,6.4762245607395,10,2,62,75,930,772,2017
Toledo,6.455952074019307,11,3,76,73,950,907,2017
Oklahoma St,6.425405376500221,10,3,78,75,988,831,2017
Army,6.385415092093029,10,3,71,69,924,770,2017
San Diego St,6.285753019607576,10,3,73,69,881,805,2017
Memphis,6.20231697698334,10,3,62,63,848,683,2017
Washington St,5.983088697139148,9,4,82,61,941,775,2017
Virginia Tech,5.751233755358306,9,4,83,66,1049,829,2017
Iowa,5.556881790194315,8,5,101,55,1103,836,2017
Fresno St,5.448454763107027,10,4,75,65,883,812,2017
Stanford,5.048482251135261,9,5,90,64,1046,834,2017
Wake Forest,4.963465195882362,8,5,86,56,997,720,2017
Michigan,4.656030650320159,8,5,88,62,1071,774,2017
Iowa St,4.273480444632376,8,5,91,66,1054,877,2017
North Texas,4.107891057550003,9,5,77,62,845,832,2017
Louisville,3.9226957076095985,8,5,76,66,1006,706,2017
Appalachian St,3.6565156849512364,9,4,66,73,784,820,2017
Kansas St,3.484944873591975,8,5,80,73,1054,873,2017
Florida St,3.461967270020471,7,6,88,54,996,729,2017
Ohio U.,3.3970107805487495,9,4,68,81,900,931,2017
Boston College,3.305477865621699,7,6,94,61,1065,785,2017
Navy,3.080354884072701,7,6,91,61,976,797,2017
Florida Int'l,3.0598498616882535,8,5,76,73,919,902,2017
Texas A&M,3.0136352992092084,7,6,88,63,1081,821,2017
Kentucky,2.9645541401446254,7,6,82,58,931,751,2017
Marshall,2.795062506650484,8,5,74,76,924,951,2017
Northern Illinois,2.776030079247221,8,5,71,77,956,891,2017
Arizona St,2.7232232124176035,7,6,89,67,1000,866,2017
Oregon,2.70250278933843,7,6,87,67,1043,880,2017
Wyoming,2.680545998310742,8,5,67,75,868,812,2017
Houston,2.672933620616003,7,5,70,70,934,800,2017
Duke,2.6578292707221287,7,6,83,66,1021,840,2017
SMU,2.637036098175834,7,6,79,61,862,763,2017
Purdue,2.6002572288330557,7,6,84,68,1016,847,2017
Temple,2.490668058821997,7,6,75,62,873,767,2017
Central Michigan,2.4875573865089406,8,5,63,75,842,802,2017
West Virginia,2.4683451298373056,7,6,77,66,939,783,2017
Utah,2.4454779343647903,7,6,78,67,950,805,2017
Texas,2.379369523245149,7,6,82,74,1021,830,2017
Missouri,2.3349029545037663,7,6,71,69,974,701,2017
Mississippi,2.2302680558606665,6,6,72,57,870,649,2017
Southern Miss,2.2298944952710626,8,5,64,84,941,898,2017
Georgia Tech,2.0641143899492724,5,6,81,50,929,687,2017
Louisiana Tech,2.0501837170352015,7,6,72,69,835,823,2017
Akron,1.9809236631070082,7,7,77,62,849,795,2017
Arizona,1.9706460432548065,7,6,73,78,1031,878,2017
Georgia St,1.8044233839082189,7,5,58,77,820,845,2017
Texas Tech,1.7979264547507194,6,7,89,63,1022,894,2017
Western Michigan,1.7449583383649319,6,6,68,62,775,744,2017
UCLA,1.7336860148466346,6,7,89,66,1036,901,2017
Alabama-Birmingham,1.662803428293314,8,5,52,84,797,836,2017
Colorado St,1.602899633023995,7,6,62,78,880,801,2017
Arkansas St,1.594458903803132,7,5,51,74,719,771,2017
Virginia,1.531632031544413,6,7,73,66,941,725,2017
Buffalo,1.5148618978346626,6,6,68,70,849,852,2017
Middle Tennessee St,1.464057735925599,7,6,64,85,951,920,2017
Texas-San Antonio,1.4369703076145057,6,5,54,73,766,798,2017
Tulane,1.3760740089826207,5,7,84,56,902,805,2017
Vanderbilt,1.3752935134977777,5,7,77,54,859,702,2017
Indiana,1.2831232312837668,5,7,72,58,931,679,2017
New Mexico St,1.2159225576462163,7,6,58,89,867,866,2017
Pittsburgh,1.1959182822513716,5,7,74,63,982,751,2017
California,1.177920071172711,5,7,78,65,966,799,2017
Utah St,1.161367944754672,6,7,69,73,853,852,2017
Air Force,1.1188719162717968,5,7,71,59,811,753,2017
Minnesota,1.111805548453154,5,7,73,67,987,759,2017
Maryland,0.9934135819418913,4,8,90,41,924,702,2017
Colorado,0.9629703349846663,5,7,65,65,836,734,2017
Florida,0.9348179461052089,4,7,77,55,881,661,2017
Eastern Michigan,0.8210944992821931,5,7,66,73,872,860,2017
Western Kentucky,0.8187498417358656,6,7,56,82,840,821,2017
Syracuse,0.8131212664933977,4,8,90,53,991,797,2017
Arkansas,0.7997986150604538,4,8,83,50,865,695,2017
Miami OH,0.7983376251918705,5,7,64,74,880,835,2017
Old Dominion,0.7729797208770232,5,7,60,70,768,763,2017
Nebraska,0.7508463311618179,4,8,86,56,970,785,2017
Tennessee,0.7242688962498254,4,8,76,53,862,668,2017
UNLV,0.7200134150153301,5,7,62,77,867,866,2017
Rutgers,0.6425205475871119,4,8,70,58,931,674,2017
Cincinnati,0.6077541342207629,4,8,76,62,923,783,2017
Louisiana-Lafayette,0.5545515687106602,5,7,53,81,812,845,2017
Louisiana-Monroe,0.4366622545462028,4,8,68,70,757,802,2017
South Alabama,0.4267273634820804,4,8,62,63,695,789,2017
Idaho,0.4197377869343064,4,8,67,68,767,900,2017
Brigham Young,0.39523774976580617,4,9,73,70,883,813,2017
Massachusetts,0.34852380494681523,4,8,59,77,853,853,2017
East Carolina,0.29582373252339306,3,9,84,57,925,809,2017
North Carolina,0.2673969628935127,3,9,77,61,957,784,2017
Nevada,0.25449237102125916,3,9,75,57,781,767,2017
Connecticut,0.22811192929265328,3,9,67,61,795,697,2017
New Mexico,0.21576757644783065,3,9,69,62,774,781,2017
Coastal Carolina,0.15170380232836034,3,9,61,74,797,879,2017
Hawai`i,0.14843028391012938,3,9,63,78,837,922,2017
Illinois,0.07420144118077211,2,10,76,64,936,785,2017
Bowling Green,0.07096400959251357,2,10,78,64,887,859,2017
Tulsa,0.06951286080860117,2,10,75,64,885,831,2017
Kent St,0.06825562948011925,2,10,76,64,865,864,2017
Georgia Southern,0.057945430120911155,2,10,71,68,816,885,2017
Texas St-San Marcos,0.051220423569944766,2,10,62,62,647,815,2017
Ball St,0.05048083265568818,2,10,62,67,709,793,2017
San José St,0.042561000788723276,2,11,69,72,819,859,2017
Kansas,0.009868276260619044,1,11,76,57,834,763,2017
Baylor,0.009520476148769559,1,11,73,58,836,742,2017
Oregon St,0.009004672195268746,1,11,71,60,838,744,2017
UNC-Charlotte,0.009000398553217605,1,11,82,59,796,935,2017
Rice,0.00733036610613744,1,11,71,69,854,880,2017
UTEP,0.0,0,12,76,67,817,944,2017
Clemson,28.03483678483679,15,0,114,54,1239,796,2018
Alabama,20.688097541235337,14,1,109,60,1235,784,2018
Notre Dame,17.18782964528858,12,1,95,62,1134,766,2018
Ohio State,13.097950650643531,13,1,88,77,1179,871,2018
Oklahoma,12.942861869472571,12,2,91,61,1109,825,2018
Georgia,12.505935778341213,11,3,104,54,1111,756,2018
Central Florida,11.842688493982308,12,1,67,62,854,676,2018
LSU,11.01350481318449,10,3,93,52,1007,705,2018
Washington St,10.593990104817577,11,2,86,68,1071,839,2018
Florida,10.526532072934247,10,3,80,50,971,619,2018
Army,10.14451094016814,11,2,85,67,1004,871,2018
Texas A&M,9.375368253566299,9,4,101,45,1022,709,2018
Appalachian St,9.206627508884493,11,2,68,60,812,696,2018
Michigan,9.166069376479848,10,3,92,61,1061,844,2018
Kentucky,8.8956271711315,10,3,81,62,1041,668,2018
Syracuse,8.603539519837998,10,3,79,61,1005,688,2018
Fresno St,8.362028053798685,12,2,69,70,915,783,2018
Cincinnati,8.148562819088191,11,2,74,75,1017,848,2018
Washington,7.42270799999427,10,4,86,56,959,768,2018
Boise St,7.276225183026631,10,3,77,62,846,778,2018
Stanford,6.945569709916759,9,4,95,61,1095,845,2018
Georgia Southern,6.900965712113917,10,3,74,65,865,752,2018
Troy,6.890685342532496,10,3,80,69,950,859,2018
Utah St,6.784033172189252,11,2,64,74,845,778,2018
Texas,6.10935241505837,10,4,82,68,1072,839,2018
Alabama-Birmingham,6.086365177395727,11,3,68,71,874,793,2018
North Carolina St,5.9804880401889635,9,4,84,67,1113,798,2018
Penn State,5.980480926078466,9,4,88,65,1021,853,2018
Iowa,5.587855532824349,9,4,84,70,1106,848,2018
West Virginia,5.5749718367802,8,4,75,55,870,669,2018
Mississippi St,5.523696441193067,8,5,92,52,986,712,2018
Utah,5.334257175669177,9,5,93,61,1078,880,2018
Auburn,5.280940963885546,8,5,87,55,1016,667,2018
Northwestern,5.015808096164124,9,5,97,69,1170,946,2018
Duke,4.96058862886666,8,5,89,57,999,745,2018
Missouri,4.896382301491264,8,5,87,58,1005,717,2018
Oregon,4.5735652360910155,9,4,70,71,944,744,2018
Iowa St,4.538177444379977,8,5,90,61,1030,849,2018
Buffalo,4.333832648009751,10,4,73,78,923,891,2018
Marshall,4.222724336277211,9,4,74,73,918,910,2018
Ohio U.,4.1576122865491065,9,4,70,70,839,835,2018
Boston College,3.7108920299654415,7,5,74,57,921,651,2018
South Carolina,3.6713610466465423,7,6,90,53,1014,694,2018
Temple,3.433853366799687,8,5,74,66,876,785,2018
Virginia,3.350286145582379,8,5,70,70,954,705,2018
Arkansas St,3.348081884863003,8,5,80,72,974,904,2018
North Texas,3.3357365091378743,9,4,66,80,885,914,2018
Pittsburgh,3.2441226748394816,7,7,105,51,1077,803,2018
Wake Forest,3.229383819929606,7,6,93,63,1146,823,2018
Middle Tennessee St,3.075855436419487,8,6,79,61,848,790,2018
TCU,3.0576659849668246,7,6,91,61,1024,850,2018
Florida Int'l,3.0524712426992275,9,4,58,80,852,784,2018
Wisconsin,3.039504410959757,8,5,74,78,1067,872,2018
Nevada,2.8836004200873595,8,5,68,73,881,775,2018
Northern Illinois,2.846537436099823,8,6,90,76,1011,937,2018
Oklahoma St,2.8315252676283027,7,6,80,61,942,730,2018
Louisiana Tech,2.7418619609707777,8,5,71,78,956,889,2018
Brigham Young,2.724890991890433,7,6,84,61,881,813,2018
Georgia Tech,2.7032811524749154,7,6,86,70,1111,839,2018
Miami FL,2.661436451865978,7,6,78,63,947,753,2018
Hawai`i,2.6306082457912843,8,6,86,79,1067,989,2018
Minnesota,2.6001864938267474,7,6,85,68,1042,889,2018
Baylor,2.5678661113290717,7,6,82,69,1048,831,2018
Michigan St,2.565941823154789,7,6,84,69,1042,869,2018
Tulane,2.5579966806820806,7,6,89,68,982,944,2018
Houston,2.396881029376176,8,5,62,78,859,779,2018
San Diego St,2.3924738232303833,7,6,77,65,874,803,2018
Arizona St,2.337380028352909,7,6,80,73,995,822,2018
California,2.2145110591598587,7,6,75,73,1034,838,2018
South Florida,2.157276363590587,7,6,77,72,966,901,2018
Eastern Michigan,2.125236777578635,7,6,79,73,960,945,2018
Vanderbilt,2.065048069261643,6,7,86,57,989,714,2018
Wyoming,1.9947268031329335,6,6,78,63,899,825,2018
Western Michigan,1.9347655894401454,7,6,68,72,893,807,2018
Miami OH,1.9279293919077054,6,6,79,63,887,893,2018
Southern Miss,1.9277376871294167,6,5,62,64,757,786,2018
Toledo,1.9165955427683665,7,6,72,71,815,868,2018
Louisiana-Lafayette,1.8858843752291206,7,7,79,70,1002,865,2018
Purdue,1.8100175667569693,6,7,89,65,1044,850,2018
Virginia Tech,1.780542670385515,6,7,80,60,934,750,2018
Florida St,1.775809672171686,5,7,86,47,940,661,2018
Liberty,1.7548553052855909,6,6,54,49,617,591,2018
Memphis,1.7286220334619498,8,6,61,86,1005,863,2018
Louisiana-Monroe,1.6359897312278264,6,6,62,64,800,680,2018
Tennessee,1.6034081726537468,5,7,81,51,923,645,2018
Indiana,1.2603155823889038,5,7,81,61,944,819,2018
Mississippi,1.250071960511168,5,7,70,60,928,629,2018
Texas Tech,1.2498891087688466,5,7,80,61,935,807,2018
Florida Atlantic,1.24933652521455,5,7,77,53,734,757,2018
Kansas St,1.211720972913349,5,7,71,59,871,680,2018
Coastal Carolina,1.2075595835873896,5,7,78,62,918,789,2018
Maryland,1.2069322436015995,5,7,79,63,966,826,2018
Southern Cal,1.184444842712717,5,7,77,64,974,800,2018
SMU,1.123200530253148,5,7,72,59,789,746,2018
UNC-Charlotte,1.0547399228946355,5,7,68,59,740,715,2018
Arizona,1.014353503108614,5,7,66,63,833,722,2018
Air Force,1.0009213639006815,5,7,71,67,897,819,2018
Colorado,0.8542888306462866,5,7,59,69,851,680,2018
Nebraska,0.7285818590353298,4,8,80,52,881,764,2018
Massachusetts,0.6096179105648022,4,8,78,62,920,815,2018
Akron,0.43441130686807633,4,8,62,69,831,756,2018
Illinois,0.4266578888375143,4,8,64,75,958,805,2018
UNLV,0.4192683936074122,4,8,61,68,768,749,2018
Ball St,0.41532557724993835,4,8,65,73,880,861,2018
Old Dominion,0.3740240510588016,4,8,57,71,743,716,2018
UCLA,0.3367443759833772,3,9,92,53,954,828,2018
South Alabama,0.25029329615684365,3,9,74,57,751,745,2018
East Carolina,0.24109972802926274,3,9,78,62,857,867,2018
Navy,0.2357621665511151,3,10,88,55,847,825,2018
Kansas,0.21902198434770262,3,9,71,70,968,783,2018
New Mexico,0.21695053607969053,3,9,72,65,835,826,2018
Colorado St,0.19105989731028947,3,9,66,71,902,810,2018
New Mexico St,0.18174893313957058,3,9,61,66,781,768,2018
Texas-San Antonio,0.1771656200941915,3,9,68,72,781,844,2018
Bowling Green,0.1704368739595273,3,9,65,73,856,885,2018
Tulsa,0.16521290182332002,3,9,64,77,893,847,2018
Western Kentucky,0.16232048374905517,3,9,64,76,859,869,2018
Texas St-San Marcos,0.1517673211747504,3,9,55,72,767,714,2018
Louisville,0.10813898130336518,2,10,92,51,1022,789,2018
North Carolina,0.09220422457501615,2,9,63,57,792,631,2018
Oregon St,0.08809047518648039,2,10,79,52,823,750,2018
Arkansas,0.082923001474723,2,10,73,58,905,664,2018
Georgia St,0.08230570657180399,2,10,85,58,872,861,2018
Kent St,0.04815333947130954,2,10,58,69,762,766,2018
Rice,0.04724290384857585,2,11,73,68,803,856,2018
San José St,0.011354212271920626,1,11,89,54,894,871,2018
Connecticut,0.008833333953517113,1,11,76,63,868,832,2018
Rutgers,0.008548262294024412,1,11,75,67,933,829,2018
Central Michigan,0.006763051685573452,1,11,69,74,901,894,2018
UTEP,0.004758284742682363,1,11,52,75,719,747,2018
LSU,27.81090580974389,15,0,114,55,1234,785,2019
Ohio State,19.03510596761913,13,1,101,56,1107,820,2019
Clemson,17.71916867557893,14,1,102,66,1199,829,2019
Georgia,16.64864300406348,12,2,103,52,1104,740,2019
Florida,14.880564973741993,11,2,84,49,992,619,2019
Penn State,14.406898925892936,11,2,93,50,980,763,2019
Oregon,13.053328615942233,12,2,101,66,1198,916,2019
Memphis,12.092559742108861,12,2,87,63,1080,812,2019
Notre Dame,12.028111029222122,11,2,90,64,1076,775,2019
Oklahoma,11.861319181850519,12,2,80,60,976,716,2019
Appalachian St,11.413852235291992,13,1,71,68,907,753,2019
Navy,11.164614193687312,11,2,80,60,938,724,2019
Alabama,10.961771639888834,11,2,77,64,1029,667,2019
Boise St,10.801519385320507,12,2,78,63,945,741,2019
Air Force,9.713599160562255,11,2,77,65,903,753,2019
Minnesota,9.648296598914524,11,2,80,71,1082,825,2019
Auburn,9.603499312233996,9,4,102,44,1030,707,2019
Florida Atlantic,8.695754957543201,11,3,90,64,970,878,2019
Utah,8.6039180686255,11,3,85,67,1059,808,2019
Cincinnati,8.484839068817523,11,3,84,68,1039,775,2019
Baylor,8.084814890264266,11,3,76,63,935,742,2019
Iowa,7.89986088643087,10,3,85,68,1060,825,2019
Wisconsin,7.669402585411535,10,4,95,59,1090,881,2019
SMU,7.532284382471786,10,3,82,69,991,775,2019
Central Florida,7.31679081892375,10,3,81,69,1043,849,2019
Michigan,7.307976955052338,9,4,97,58,1055,821,2019
Louisiana-Lafayette,7.29466257116296,11,3,74,66,886,760,2019
San Diego St,6.074993959523051,10,3,78,77,1023,918,2019
Virginia,5.196925099581971,9,5,91,64,1038,791,2019
Texas A&M,5.152061346630679,8,5,87,57,1049,683,2019
Texas,4.94344355383538,8,5,97,59,1077,886,2019
Tennessee,4.894837030620171,8,5,87,56,959,731,2019
Louisville,4.738627280282261,8,5,87,58,989,762,2019
Hawai`i,4.691990365344264,10,5,88,74,1120,967,2019
Washington,4.691023614271258,8,5,87,58,969,764,2019
Western Kentucky,4.671714081262851,9,4,80,75,1047,934,2019
Southern Cal,4.661779280142361,8,5,91,62,1058,813,2019
Marshall,4.248417064546803,8,5,86,58,874,836,2019
Kansas St,4.189913566728624,8,5,87,67,1094,848,2019
Arizona St,4.1337157650708365,8,5,87,67,1096,876,2019
Louisiana Tech,4.064332046767465,10,3,63,86,945,947,2019
Kentucky,3.931699938909625,8,5,82,69,1107,828,2019
Oklahoma St,3.899434287093001,8,5,82,69,1086,828,2019
Pittsburgh,3.8929983021626575,8,5,78,64,934,753,2019
Temple,3.7338314077340464,8,5,76,65,916,745,2019
Wake Forest,3.665141990544302,8,5,75,67,968,749,2019
California,3.6448515492050686,8,5,75,66,953,771,2019
Virginia Tech,3.4724408429194247,8,5,67,63,888,695,2019
Arkansas St,3.407815844506078,8,5,79,72,1022,891,2019
Wyoming,3.3575699868396076,8,5,72,67,886,764,2019
Buffalo,3.2667385156771713,8,5,81,73,984,958,2019
Utah St,3.235760845347087,7,6,89,55,924,779,2019
Iowa St,3.2174749404175715,7,6,94,61,1091,856,2019
Indiana,3.1431253041582896,8,5,67,71,983,735,2019
Miami OH,3.140408783849592,8,6,89,67,968,904,2019
Brigham Young,3.0186672141266273,7,6,87,58,905,780,2019
North Carolina,2.9829958343859664,7,6,84,60,954,745,2019
Georgia Southern,2.9460648379755425,7,6,86,57,852,781,2019
Tulane,2.9060350332299905,7,6,82,60,940,744,2019
Michigan St,2.762167102669601,7,6,86,68,1066,813,2019
Alabama-Birmingham,2.717510086927782,9,5,73,88,1014,1024,2019
Kent St,2.357737276737046,7,6,82,73,1063,907,2019
Mississippi St,2.317764107874992,6,7,92,53,1009,714,2019
Southern Miss,2.306837238865765,7,6,83,70,962,954,2019
Liberty,2.293945201445316,8,5,60,78,905,833,2019
Western Michigan,2.2174994165788178,7,6,81,73,1014,961,2019
Central Michigan,2.2112803629561104,8,6,79,86,1081,1010,2019
Georgia St,2.1862036044374595,7,6,78,74,1021,899,2019
Nevada,2.1502553920429395,7,6,79,76,1036,918,2019
UNC-Charlotte,2.1201019722472725,7,6,74,69,856,832,2019
Florida St,2.0925177091728653,6,7,89,56,970,747,2019
Ohio U.,2.01588604870224,7,6,71,71,877,821,2019
Missouri,1.9883715723867454,6,6,73,66,1026,753,2019
Miami FL,1.7707160772986976,6,7,89,65,1058,904,2019
Boston College,1.7630420338892074,6,7,81,62,963,760,2019
Washington St,1.5732769716030313,6,7,75,65,944,749,2019
Toledo,1.4691178160295197,6,6,62,67,781,754,2019
West Virginia,1.3326222016658993,5,7,83,61,1002,805,2019
Duke,1.3248221065759094,5,7,82,59,972,823,2019
Oregon St,1.3081241167189208,5,7,76,57,880,709,2019
TCU,1.264881163278804,5,7,79,61,961,789,2019
Louisiana-Monroe,1.2483042769675665,5,7,74,58,839,689,2019
Eastern Michigan,1.243881518911141,6,7,77,75,953,980,2019
Colorado,1.2318439904676834,5,7,78,63,951,758,2019
Syracuse,1.1408402041423775,5,7,77,66,978,820,2019
Illinois,1.1346306251127176,6,7,70,81,1030,888,2019
Florida Int'l,1.1286901582450721,6,7,72,79,971,952,2019
Nebraska,1.0658682155657966,5,7,73,67,924,781,2019
South Carolina,1.030271512207024,4,8,93,41,909,665,2019
Ball St,1.0171488134714146,5,7,70,62,782,782,2019
San Jose St,0.9428955972222045,5,7,64,66,818,703,2019
Troy,0.8974531557531893,5,7,68,71,902,838,2019
Coastal Carolina,0.8538565317007618,5,7,62,67,767,734,2019
Northern Illinois,0.8422927658966713,5,7,69,75,924,898,2019
Army,0.8249634679876547,5,8,69,61,806,760,2019
Tulsa,0.7833122461624185,4,8,89,54,914,760,2019
South Florida,0.7707761848254252,4,8,88,54,951,804,2019
Houston,0.7619300232936596,4,8,81,51,849,705,2019
UCLA,0.7011639112246592,4,8,84,59,936,770,2019
Mississippi,0.6888475707754315,4,8,82,61,1017,781,2019
Stanford,0.6131505179124225,4,8,76,64,964,752,2019
Fresno St,0.6108356914259722,4,8,80,62,927,857,2019
Arizona,0.6091993349337872,4,8,71,60,892,701,2019
Purdue,0.5615218177845123,4,8,74,66,916,772,2019
Texas Tech,0.5586391075901564,4,8,75,68,987,813,2019
Middle Tennessee St,0.5029848335302691,4,8,65,64,843,733,2019
North Carolina St,0.4959216140224365,4,8,63,66,864,675,2019
UNLV,0.4917626907505448,4,8,66,64,783,737,2019
Colorado St,0.4907083986353402,4,8,63,64,813,697,2019
East Carolina,0.4842128533719404,4,8,57,59,764,647,2019
Texas-San Antonio,0.4166946241771069,4,8,62,69,773,766,2019
North Texas,0.3901272064723816,4,8,59,69,763,776,2019
Georgia Tech,0.29879468094985295,3,9,77,56,902,679,2019
Maryland,0.2887343808460004,3,9,74,55,894,698,2019
Vanderbilt,0.28233369213605153,3,9,72,57,895,648,2019
Texas St-San Marcos,0.2697119328945159,3,9,82,61,936,847,2019
Kansas,0.24934579176864213,3,9,70,60,841,687,2019
Northwestern,0.22730100452889118,3,9,74,67,910,813,2019
Bowling Green,0.22560058106531844,3,9,71,61,795,798,2019
Rice,0.1923685968065482,3,9,70,72,840,818,2019
Arkansas,0.0877554964093425,2,10,75,55,885,669,2019
Rutgers,0.08415768930913607,2,10,83,60,920,785,2019
South Alabama,0.07828783870450537,2,10,75,57,803,730,2019
New Mexico,0.07750077461367307,2,10,82,61,895,863,2019
Connecticut,0.05952223805299669,2,10,64,65,795,727,2019
New Mexico St,0.04569521755163847,2,10,51,65,697,668,2019
Old Dominion,0.007916954698236507,1,11,68,64,798,750,2019
UTEP,0.004615188831105899,1,11,57,82,829,919,2019
Massachusetts,0.0038931412807964383,1,11,51,87,861,887,2019
Akron,0.0,0,12,61,82,892,930,2019
